,RMSD,P-VALUE,INF-ALL,INF-WC,INF-NWC,INF-STACK,DI,MCQ,TM-SCORE,GDT-TS,GDT-TS@1,GDT-TS@2,GDT-TS@4,GDT-TS@8,CAD,RASP-ENERGY,RASP-NB-CONTACTS,RASP-NORMALIZED-ENERGY,CLASH,BARNABA-RMSD,BARNABA-eRMSD,BARNABA-eSCORE,DFIRE,rsRNASP,RNA3DCNN,lddt,tm-score-ost
normalized_1ec6D.pdb,0.0,1.8135946666664185e-07,1.0,1.0,,1.0,0.0,,1.0,1.0,1.0,1.0,1.0,1.0,1.0,-7762.57,58027.0,-0.134,,0.0,0.0,0.791,-10355.833,-2950.875,-137.61322,1.0,1.0
normalized_1ec6D_M2.pdb,0.558,8.872669421400303e-07,1.0,1.0,,1.0,0.558,0.79,0.976,1.0,1.0,1.0,1.0,1.0,0.985,-7625.12,57901.0,-0.132,,0.072,0.087,0.743,-9906.911,-2837.587,-134.34198,0.964,0.976
normalized_1ec6D_M1.pdb,0.601,9.998417057621722e-07,1.0,1.0,,1.0,0.601,0.66,0.963,1.0,1.0,1.0,1.0,1.0,0.983,-7626.26,58095.0,-0.131,,0.079,0.045,0.77,-9892.54,-2848.026,-136.75565,0.96,0.963
normalized_1ec6D_M4.pdb,0.637,1.1027708917143997e-06,0.97,1.0,,0.961,0.657,0.94,0.969,1.0,1.0,1.0,1.0,1.0,0.984,-7541.61,58079.0,-0.13,,0.083,0.073,0.761,-9816.245,-2822.525,-139.26447,0.953,0.969
normalized_1ec6D_M8.pdb,0.672,1.214147788863862e-06,1.0,1.0,,1.0,0.672,2.11,0.959,1.0,1.0,1.0,1.0,1.0,0.972,-7487.51,58214.0,-0.129,,0.077,0.314,0.726,-9949.991,-2853.465,-137.45143,0.953,0.959
normalized_1ec6D_M3.pdb,0.677,1.229846795181011e-06,1.0,1.0,,1.0,0.677,2.96,0.942,1.0,1.0,1.0,1.0,1.0,0.971,-7451.67,58002.0,-0.128,,0.087,0.123,0.724,-9655.85,-2771.232,-138.89452,0.693,0.942
normalized_1ec6D_M5.pdb,0.677,1.2312304774608762e-06,1.0,1.0,,1.0,0.677,1.83,0.944,1.0,1.0,1.0,1.0,1.0,0.976,-7447.27,58333.0,-0.128,,0.082,0.301,0.744,-9936.342,-2843.281,-136.06421,0.951,0.943
normalized_1ec6D_M6.pdb,0.687,1.2635751159284505e-06,1.0,1.0,,1.0,0.687,1.36,0.89,1.0,1.0,1.0,1.0,1.0,0.98,-7579.26,58269.0,-0.13,,0.086,0.1,0.742,-9913.589,-2878.031,-137.23953,0.954,0.89
normalized_1ec6D_M15.pdb,0.74,1.4596153791734956e-06,0.968,1.0,,0.957,0.764,6.81,0.861,1.0,1.0,1.0,1.0,1.0,0.98,-7445.63,58420.0,-0.127,,0.085,0.185,0.691,-9874.904,-2796.27,-135.05621,0.943,0.861
normalized_1ec6D_M10.pdb,0.751,1.5036213404928669e-06,0.97,1.0,,0.961,0.774,2.34,0.826,1.0,1.0,1.0,1.0,1.0,0.977,-7520.28,58215.0,-0.129,,0.092,0.109,0.735,-9782.283,-2817.52,-134.4685,0.949,0.826
normalized_1ec6D_M22.pdb,0.759,1.5352913684818503e-06,0.943,0.894,,0.961,0.805,17.62,0.656,1.0,1.0,1.0,1.0,1.0,0.958,-6870.99,58198.0,-0.118,,0.087,0.301,0.508,-9230.312,-2644.809,-144.32545,0.739,0.656
normalized_1ec6D_M11.pdb,0.827,1.8471071932535388e-06,0.938,1.0,,0.917,0.883,8.28,0.834,1.0,1.0,1.0,1.0,1.0,0.97,-7165.19,57946.0,-0.124,,0.099,0.174,0.635,-9475.397,-2792.418,-132.98749,0.573,0.834
normalized_1ec6D_M9.pdb,0.843,1.9275148604447345e-06,0.97,1.0,,0.961,0.869,3.84,0.934,1.0,1.0,1.0,1.0,1.0,0.969,-7206.85,58058.0,-0.124,,0.089,0.353,0.688,-9679.63,-2800.203,-136.38783,0.692,0.934
normalized_1ec6D_M7.pdb,0.896,2.2200445624065424e-06,0.97,1.0,,0.961,0.924,1.97,0.753,0.988,0.95,1.0,1.0,1.0,0.974,-7526.6,58330.0,-0.129,,0.096,0.204,0.748,-9896.623,-2856.828,-136.20065,0.947,0.753
normalized_1ec6D_M12.pdb,0.908,2.2911987615503726e-06,0.91,0.894,,0.917,0.998,7.91,0.832,1.0,1.0,1.0,1.0,1.0,0.973,-7192.37,58191.0,-0.124,,0.092,0.339,0.728,-9656.859,-2839.703,-142.41924,0.931,0.832
normalized_1ec6D_M14.pdb,0.922,2.379536950869454e-06,0.97,0.894,,1.0,0.951,11.66,0.775,0.988,0.95,1.0,1.0,1.0,0.967,-6977.65,58455.0,-0.119,,0.087,0.292,0.61,-9760.969,-2887.609,-143.61745,0.922,0.775
normalized_1ec6D_M18.pdb,1.009,2.9888175060999167e-06,0.968,1.0,,0.957,1.042,10.33,0.815,0.988,0.95,1.0,1.0,1.0,0.966,-7006.4,58478.0,-0.12,,0.083,0.463,0.682,-9681.916,-2857.446,-141.93187,0.922,0.815
normalized_1ec6D_M13.pdb,1.029,3.156616288080283e-06,0.904,1.0,,0.87,1.139,9.48,0.746,1.0,1.0,1.0,1.0,1.0,0.963,-6982.79,58839.0,-0.119,,0.09,0.418,0.615,-9553.589,-2716.233,-128.61278,0.682,0.746
normalized_1ec6D_M17.pdb,1.038,3.225946884566344e-06,0.904,0.894,,0.913,1.148,16.52,0.636,0.975,0.9,1.0,1.0,1.0,0.951,-6220.9,58498.0,-0.106,,0.109,0.393,0.523,-8896.81,-2574.404,-137.9635,0.532,0.636
normalized_1ec6D_M23.pdb,1.056,3.379589314400633e-06,0.884,0.894,,0.917,1.194,21.76,0.647,1.0,1.0,1.0,1.0,1.0,0.95,-6546.91,58689.0,-0.112,,0.098,0.42,0.47,-9310.696,-2554.114,-142.17937,0.89,0.647
normalized_1ec6D_M19.pdb,1.071,3.5211556769221275e-06,0.904,1.0,,0.87,1.185,13.27,0.762,1.0,1.0,1.0,1.0,1.0,0.95,-6577.54,58335.0,-0.113,,0.102,0.459,0.521,-9349.398,-2653.915,-149.12909,0.897,0.762
normalized_1ec6D_M28.pdb,1.091,3.711437571107812e-06,0.869,0.75,,0.913,1.257,19.3,0.716,1.0,1.0,1.0,1.0,1.0,0.929,-6313.83,58554.0,-0.108,,0.096,0.676,0.449,-9029.095,-2467.169,-139.395,0.889,0.716
normalized_1ec6D_M20.pdb,1.123,4.024696968529806e-06,0.938,1.0,,0.917,1.197,13.71,0.779,1.0,1.0,1.0,1.0,1.0,0.958,-6700.78,58314.0,-0.115,,0.102,0.409,0.62,-9506.141,-2713.64,-134.72473,0.903,0.779
normalized_1ec6D_M16.pdb,1.13,4.101295842551256e-06,0.938,1.0,,0.917,1.205,7.42,0.843,1.0,1.0,1.0,1.0,1.0,0.966,-7055.63,58461.0,-0.121,,0.097,0.347,0.63,-9593.303,-2724.219,-132.64207,0.682,0.843
normalized_1ec6D_M25.pdb,1.13,4.099251366351808e-06,0.97,1.0,,0.961,1.164,24.83,0.56,0.988,0.95,1.0,1.0,1.0,0.962,-6698.94,58192.0,-0.115,,0.111,0.422,0.593,-9392.958,-2740.296,-136.9371,0.894,0.56
normalized_1ec6D_M32.pdb,1.263,5.775087567605475e-06,0.839,0.894,,0.822,1.505,32.64,0.592,0.975,0.9,1.0,1.0,1.0,0.925,-6112.59,57863.0,-0.106,,0.12,0.485,0.477,-8952.986,-2511.645,-136.08455,0.856,0.592
normalized_1ec6D_M27.pdb,1.307,6.45564559814682e-06,0.802,0.866,,0.822,1.63,28.51,0.473,0.963,0.85,1.0,1.0,1.0,0.888,-5292.24,59068.0,-0.09,,0.127,0.729,0.331,-8316.746,-2265.251,-143.7749,0.614,0.473
normalized_1ec6D_M30.pdb,1.313,6.563032265927138e-06,0.794,1.0,,0.714,1.654,27.27,0.62,0.988,0.95,1.0,1.0,1.0,0.912,-6383.41,58553.0,-0.109,,0.105,0.863,0.404,-9208.417,-2493.599,-139.39207,0.85,0.62
normalized_1ec6D_M24.pdb,1.317,6.624493023521527e-06,0.935,1.0,,0.913,1.408,24.37,0.567,0.988,0.95,1.0,1.0,1.0,0.944,-6390.42,58121.0,-0.11,,0.115,0.497,0.414,-9100.278,-2542.09,-138.11986,0.876,0.567
normalized_1ec6D_M26.pdb,1.35,7.210337264473843e-06,0.866,0.866,,0.866,1.559,21.09,0.572,0.963,0.85,1.0,1.0,1.0,0.915,-6428.65,58261.0,-0.11,,0.125,0.818,0.42,-9171.237,-2464.878,-146.61197,0.863,0.572
normalized_1ec6D_M29.pdb,1.506,1.0655595912012483e-05,0.968,1.0,,0.957,1.556,19.5,0.549,0.95,0.8,1.0,1.0,1.0,0.949,-7424.62,58154.0,-0.128,,0.14,0.304,0.533,-9487.594,-2738.58,-146.47136,0.894,0.549
normalized_1ec6D_M21.pdb,1.51,1.0750976753903796e-05,0.794,0.75,,0.816,1.902,31.78,0.568,0.963,0.85,1.0,1.0,1.0,0.924,-6219.99,58207.0,-0.107,,0.138,0.724,0.415,-8851.659,-2422.23,-137.75017,0.862,0.568
normalized_1ec6D_M41.pdb,1.552,1.1922645473727568e-05,0.775,0.577,,0.833,2.003,30.94,0.505,0.963,0.85,1.0,1.0,1.0,0.923,-5909.06,57936.0,-0.102,,0.142,0.6,0.324,-8627.047,-2477.275,-143.14053,0.825,0.505
normalized_1ec6D_M43.pdb,1.577,1.270306833073276e-05,0.869,0.75,,0.913,1.816,36.53,0.505,0.963,0.85,1.0,1.0,1.0,0.922,-5997.88,59160.0,-0.101,,0.143,0.75,0.478,-8776.717,-2438.929,-134.15454,0.815,0.505
normalized_1ec6D_M36.pdb,1.612,1.383462640724975e-05,0.904,1.0,,0.87,1.784,40.92,0.372,0.9,0.65,0.95,1.0,1.0,0.907,-5466.4,58194.0,-0.094,,0.153,0.568,0.25,-8417.268,-2188.744,-138.5269,0.817,0.372
normalized_1ec6D_M42.pdb,1.755,1.9579959155135995e-05,0.832,1.0,,0.77,2.11,46.05,0.457,0.912,0.7,0.95,1.0,1.0,0.921,-6165.9,58824.0,-0.105,,0.155,0.673,0.408,-8922.149,-2423.735,-149.95187,0.835,0.457
normalized_1ec6D_M45.pdb,1.771,2.0338992350599217e-05,0.794,0.866,,0.77,2.231,40.64,0.455,0.925,0.75,0.95,1.0,1.0,0.919,-5826.95,58554.0,-0.1,,0.172,0.634,0.395,-8439.019,-2380.195,-146.434,0.827,0.455
normalized_1ec6D_M50.pdb,1.777,2.063565471494e-05,0.802,0.894,,0.77,2.216,26.64,0.704,1.0,1.0,1.0,1.0,1.0,0.922,-5895.0,57928.0,-0.102,,0.123,0.989,0.389,-8643.472,-2339.504,-143.22273,0.818,0.704
normalized_1ec6D_M67.pdb,1.786,2.1071432148911384e-05,0.812,0.894,,0.783,2.198,52.0,0.423,0.938,0.75,1.0,1.0,1.0,0.9,-5722.21,59357.0,-0.096,,0.141,0.857,0.339,-8782.814,-2423.09,-131.20003,0.787,0.423
normalized_1ec6D_M40.pdb,1.828,2.330720006965548e-05,0.812,1.0,,0.75,2.25,36.7,0.45,0.925,0.75,0.95,1.0,1.0,0.918,-6325.21,59194.0,-0.107,,0.174,0.749,0.356,-8917.978,-2552.872,-145.21724,0.797,0.45
normalized_1ec6D_M65.pdb,1.874,2.5996662441685192e-05,0.583,0.707,,0.589,3.212,55.51,0.369,0.925,0.7,1.0,1.0,1.0,0.874,-4214.56,59468.0,-0.071,,0.153,1.208,0.156,-7827.67,-1903.163,-147.7675,0.707,0.369
normalized_1ec6D_M31.pdb,1.889,2.692740781584657e-05,0.775,0.707,,0.833,2.438,32.91,0.561,0.975,0.9,1.0,1.0,1.0,0.894,-5882.64,58743.0,-0.1,,0.132,0.87,0.288,-8914.798,-2590.863,-144.3625,0.82,0.562
normalized_1ec6D_M59.pdb,1.901,2.7687612467020006e-05,0.417,0.5,,0.408,4.561,40.31,0.519,0.975,0.9,1.0,1.0,1.0,0.899,-5017.23,58624.0,-0.086,,0.153,0.963,0.279,-8311.554,-2121.207,-130.50479,0.775,0.52
normalized_1ec6D_M39.pdb,1.942,3.053152041926355e-05,0.775,0.866,,0.783,2.507,34.29,0.532,0.938,0.85,0.9,1.0,1.0,0.918,-6703.28,58008.0,-0.116,,0.189,0.992,0.342,-9073.802,-2523.929,-142.43575,0.833,0.532
normalized_1ec6D_M71.pdb,1.952,3.128508252836504e-05,0.802,0.894,,0.77,2.435,63.27,0.329,0.875,0.6,0.9,1.0,1.0,0.898,-5561.98,58595.0,-0.095,,0.192,0.701,0.397,-8504.311,-2411.512,-146.12961,0.766,0.329
normalized_1ec6D_M60.pdb,1.984,3.3711214152132296e-05,0.678,0.866,,0.612,2.925,68.35,0.375,0.9,0.65,0.95,1.0,1.0,0.889,-5340.74,58732.0,-0.091,,0.167,0.925,0.291,-8013.485,-2298.413,-154.4549,0.759,0.375
normalized_1ec6D_M77.pdb,2.014,3.613325624352015e-05,0.763,0.707,,0.783,2.64,44.91,0.35,0.887,0.65,0.9,1.0,1.0,0.897,-5363.89,59368.0,-0.09,,0.182,0.876,0.245,-8380.498,-2256.175,-146.98761,0.762,0.35
normalized_1ec6D_M51.pdb,2.026,3.71598842123233e-05,0.763,0.75,,0.77,2.656,33.35,0.586,0.988,0.95,1.0,1.0,1.0,0.897,-5359.32,58413.0,-0.092,,0.123,0.959,0.361,-8928.164,-2417.882,-137.5668,0.796,0.586
normalized_1ec6D_M35.pdb,2.031,3.755797569643393e-05,0.968,1.0,,0.957,2.097,24.63,0.58,0.9,0.75,0.85,1.0,1.0,0.931,-6745.54,59254.0,-0.114,,0.181,0.381,0.512,-9311.703,-2765.715,-134.82597,0.865,0.58
normalized_1ec6D_M37.pdb,2.034,3.7897922920360205e-05,0.839,0.866,,0.833,2.424,45.99,0.384,0.9,0.7,0.9,1.0,1.0,0.916,-5355.26,59067.0,-0.091,,0.176,0.756,0.286,-8333.054,-2342.464,-145.95055,0.523,0.384
normalized_1ec6D_M48.pdb,2.047,3.9042177662318434e-05,0.829,1.0,,0.764,2.469,48.84,0.396,0.887,0.65,0.9,1.0,1.0,0.89,-5997.78,59221.0,-0.101,,0.167,0.768,0.447,-8746.613,-2156.759,-152.10846,0.79,0.396
normalized_1ec6D_M46.pdb,2.058,4.001944681703007e-05,0.832,0.894,,0.816,2.473,36.91,0.443,0.925,0.7,1.0,1.0,1.0,0.889,-6437.61,58069.0,-0.111,,0.152,0.757,0.469,-9003.159,-2534.723,-134.47998,0.709,0.443
normalized_1ec6D_M49.pdb,2.097,4.384254457484582e-05,0.754,0.866,,0.714,2.782,40.5,0.489,0.9,0.7,0.9,1.0,1.0,0.851,-5728.51,58378.0,-0.098,,0.175,0.947,0.324,-8423.147,-2656.504,-154.21582,0.773,0.489
normalized_1ec6D_M47.pdb,2.144,4.880692901043648e-05,0.624,0.75,,0.577,3.436,40.97,0.387,0.9,0.7,0.9,1.0,1.0,0.9,-5639.94,59438.0,-0.095,,0.167,1.039,0.386,-8823.405,-2410.761,-153.17778,0.799,0.387
normalized_1ec6D_M82.pdb,2.182,5.3191876741076616e-05,0.678,0.707,,0.674,3.216,58.55,0.336,0.875,0.6,0.9,1.0,1.0,0.869,-4053.17,57539.0,-0.07,,0.179,1.01,0.251,-7670.172,-2071.874,-147.87054,0.695,0.336
normalized_1ec6D_M53.pdb,2.192,5.44666641782432e-05,0.668,0.866,,0.639,3.281,39.85,0.435,0.9,0.7,0.9,1.0,1.0,0.89,-5953.41,58751.0,-0.101,,0.173,0.906,0.278,-8818.171,-2439.093,-137.03082,0.765,0.435
normalized_1ec6D_M34.pdb,2.193,5.457122835639261e-05,0.832,1.0,,0.77,2.635,37.12,0.522,0.925,0.75,0.95,1.0,1.0,0.933,-6693.84,59034.0,-0.113,,0.155,0.455,0.49,-9214.869,-2704.061,-144.93857,0.859,0.522
normalized_1ec6D_M52.pdb,2.231,5.957138926798722e-05,0.849,1.0,,0.833,2.629,57.73,0.428,0.9,0.7,0.9,1.0,1.0,0.904,-5484.75,58464.0,-0.094,,0.178,0.692,0.316,-8423.856,-2413.287,-153.62277,0.78,0.428
normalized_1ec6D_M63.pdb,2.26,6.350714121228229e-05,0.707,0.866,,0.645,3.196,55.85,0.414,0.938,0.75,1.0,1.0,1.0,0.878,-4659.91,57625.0,-0.081,,0.143,0.895,0.249,-8055.927,-2301.758,-148.45113,0.665,0.414
normalized_1ec6D_M73.pdb,2.295,6.883918810002276e-05,0.528,0.577,,0.51,4.35,49.95,0.428,0.912,0.65,1.0,1.0,1.0,0.861,-5959.23,59850.0,-0.1,,0.174,1.196,0.294,-8628.755,-2168.484,-145.01085,0.735,0.428
normalized_1ec6D_M94.pdb,2.31,7.109806253918771e-05,0.712,0.75,,0.707,3.246,60.15,0.33,0.875,0.6,0.9,1.0,1.0,0.873,-4324.02,59378.0,-0.073,,0.185,0.823,0.275,-8076.288,-2157.858,-143.65991,0.578,0.33
normalized_1ec6D_M104.pdb,2.333,7.491562921041472e-05,0.619,0.866,,0.516,3.771,68.44,0.314,0.863,0.6,0.85,1.0,1.0,0.847,-4147.87,57328.0,-0.072,,0.192,1.126,0.235,-7919.733,-2137.832,-142.50334,0.714,0.314
normalized_1ec6D_M111.pdb,2.336,7.53308671986308e-05,0.559,0.5,,0.577,4.178,83.81,0.273,0.825,0.4,0.9,1.0,1.0,0.833,-2853.25,58733.0,-0.049,,0.193,1.176,0.148,-7287.459,-1983.815,-150.68382,0.656,0.273
normalized_1ec6D_M95.pdb,2.415,8.997599521853861e-05,0.603,1.0,,0.471,4.006,64.84,0.308,0.838,0.5,0.85,1.0,1.0,0.838,-3861.92,58335.0,-0.066,,0.179,1.285,0.266,-7809.506,-2275.813,-151.29126,0.688,0.308
normalized_1ec6D_M101.pdb,2.475,0.0001026011113699,0.577,0.707,,0.577,4.287,59.72,0.289,0.875,0.5,1.0,1.0,1.0,0.835,-4045.7,58518.0,-0.069,,0.183,1.118,0.192,-7627.799,-2143.431,-145.93288,0.684,0.289
normalized_1ec6D_M38.pdb,2.483,0.0001045179618199,0.839,1.0,,0.822,2.96,42.28,0.42,0.863,0.55,0.9,1.0,1.0,0.921,-5868.19,59646.0,-0.098,,0.202,0.565,0.444,-8663.371,-2638.248,-143.19818,0.329,0.42
normalized_1ec6D_M76.pdb,2.502,0.000108810654841,0.75,0.707,,0.764,3.336,53.61,0.423,0.9,0.65,0.95,1.0,1.0,0.832,-4484.01,57528.0,-0.078,,0.166,1.024,0.146,-7634.995,-1994.68,-146.42055,0.685,0.423
normalized_1ec6D_M163.pdb,2.519,0.0001128463684145,0.583,0.577,,0.589,4.317,83.33,0.275,0.85,0.5,0.9,1.0,1.0,0.833,-3024.18,58011.0,-0.052,,0.211,1.29,0.155,-7138.173,-1902.809,-147.39764,0.644,0.275
normalized_1ec6D_M81.pdb,2.529,0.0001154932987247,0.707,0.866,,0.645,3.577,67.34,0.298,0.875,0.55,0.95,1.0,1.0,0.811,-3604.4,58293.0,-0.062,,0.181,1.058,0.291,-7591.414,-2240.246,-119.0286,0.717,0.298
normalized_1ec6D_M75.pdb,2.539,0.0001180712831251,0.5,0.707,,0.471,5.079,61.19,0.318,0.875,0.6,0.9,1.0,1.0,0.843,-4762.31,57221.0,-0.083,,0.198,1.389,0.168,-7858.886,-2090.941,-144.02745,0.682,0.318
normalized_1ec6D_M90.pdb,2.551,0.0001210061314737,0.712,0.866,,0.655,3.585,63.49,0.305,0.838,0.5,0.85,1.0,1.0,0.852,-4182.37,57576.0,-0.073,,0.202,0.723,0.189,-7668.919,-2056.07,-139.78923,0.696,0.305
normalized_1ec6D_M79.pdb,2.578,0.0001285200685413,0.722,0.707,,0.77,3.573,49.49,0.318,0.863,0.65,0.8,1.0,1.0,0.866,-5441.73,58389.0,-0.093,,0.214,0.807,0.289,-8430.458,-2324.796,-143.22998,0.683,0.318
normalized_1ec6D_M55.pdb,2.592,0.0001324044986742,0.645,0.866,,0.609,4.016,36.1,0.423,0.875,0.65,0.85,1.0,1.0,0.892,-6062.04,59567.0,-0.102,,0.199,1.031,0.347,-8958.716,-2602.075,-152.27892,0.789,0.423
normalized_1ec6D_M64.pdb,2.605,0.0001362478353593,0.712,0.866,,0.655,3.662,46.16,0.387,0.887,0.6,0.95,1.0,1.0,0.863,-4729.0,56778.0,-0.083,,0.167,0.863,0.25,-8044.195,-2226.504,-141.59117,0.749,0.387
normalized_1ec6D_M44.pdb,2.613,0.000138490220515,0.722,0.577,,0.77,3.621,48.88,0.37,0.9,0.7,0.9,1.0,1.0,0.91,-4754.74,58847.0,-0.081,,0.206,0.824,0.239,-8068.71,-2136.165,-157.32455,0.742,0.37
normalized_1ec6D_M140.pdb,2.616,0.0001392766563659,0.667,1.0,,0.516,3.923,60.96,0.276,0.838,0.5,0.85,1.0,1.0,0.877,-4426.74,61514.0,-0.072,,0.209,0.996,0.264,-8599.511,-2207.427,-140.07442,0.702,0.276
normalized_1ec6D_M33.pdb,2.629,0.0001433059635375,0.839,0.894,,0.822,3.133,27.53,0.493,0.875,0.65,0.85,1.0,1.0,0.905,-6361.07,59488.0,-0.107,,0.204,0.753,0.486,-9152.497,-2737.243,-151.23659,0.549,0.492
normalized_1ec6D_M68.pdb,2.636,0.0001456607094106,0.528,0.866,,0.516,4.996,58.3,0.304,0.85,0.5,0.9,1.0,1.0,0.817,-4063.12,59836.0,-0.068,,0.205,1.188,0.243,-7699.774,-2125.688,-131.95735,0.592,0.304
normalized_1ec6D_M203.pdb,2.65,0.0001498803841064,0.335,0.5,,0.333,7.9,70.04,0.242,0.812,0.4,0.85,1.0,1.0,0.793,-3465.23,57402.0,-0.06,,0.227,1.291,0.149,-7074.267,-1866.124,-133.89664,0.627,0.242
normalized_1ec6D_M134.pdb,2.664,0.000154442391003,0.53,0.707,,0.516,5.023,68.9,0.236,0.8,0.45,0.8,0.95,1.0,0.843,-3862.74,58521.0,-0.066,,0.228,1.184,0.181,-7770.998,-2036.248,-152.03741,0.688,0.236
normalized_1ec6D_M120.pdb,2.67,0.0001564008695006,0.632,0.577,,0.707,4.221,66.69,0.367,0.925,0.7,1.0,1.0,1.0,0.836,-3837.31,58066.0,-0.066,,0.176,1.164,0.13,-7554.922,-1980.58,-142.0505,0.683,0.367
normalized_1ec6D_M127.pdb,2.677,0.0001589721732501,0.619,0.707,,0.589,4.327,75.27,0.363,0.887,0.6,0.95,1.0,1.0,0.82,-4261.89,58999.0,-0.072,,0.192,1.027,0.227,-7863.129,-2097.033,-160.90118,0.666,0.363
normalized_1ec6D_M57.pdb,2.718,0.0001735280834861,0.603,0.866,,0.51,4.508,49.29,0.353,0.875,0.6,0.9,1.0,1.0,0.843,-5012.43,58443.0,-0.086,,0.186,1.138,0.327,-8097.038,-2394.515,-142.84972,0.718,0.353
normalized_1ec6D_M92.pdb,2.742,0.0001823356798638,0.754,1.0,,0.655,3.637,66.88,0.344,0.85,0.55,0.85,1.0,1.0,0.882,-4890.25,60263.0,-0.081,,0.208,0.915,0.308,-8392.695,-2398.56,-150.48744,0.67,0.344
normalized_1ec6D_M99.pdb,2.763,0.0001908166730478,0.75,0.866,,0.707,3.684,61.94,0.373,0.863,0.6,0.85,1.0,1.0,0.903,-4257.67,61190.0,-0.07,,0.234,1.2,0.221,-8080.237,-2208.643,-160.00928,0.704,0.373
normalized_1ec6D_M84.pdb,2.778,0.000196862671948,0.603,0.577,,0.612,4.607,52.99,0.407,0.938,0.75,1.0,1.0,1.0,0.877,-4062.37,59025.0,-0.069,,0.178,1.149,0.281,-7800.943,-2151.848,-147.24255,0.412,0.407
normalized_1ec6D_M66.pdb,2.793,0.0002031716916011,0.472,0.5,,0.471,5.911,54.39,0.28,0.812,0.45,0.8,1.0,1.0,0.836,-4209.55,59174.0,-0.071,,0.23,1.062,0.152,-7607.458,-2180.0,-143.49918,0.721,0.28
normalized_1ec6D_M119.pdb,2.795,0.0002038626062927,0.567,0.5,,0.589,4.929,59.16,0.344,0.875,0.55,0.95,1.0,1.0,0.825,-4391.06,58369.0,-0.075,,0.188,1.318,0.21,-7842.601,-2062.343,-137.72894,0.685,0.344
normalized_1ec6D_M162.pdb,2.799,0.0002056015029537,0.567,0.866,,0.5,4.936,75.38,0.337,0.9,0.6,1.0,1.0,1.0,0.806,-3332.01,59244.0,-0.056,,0.178,1.207,0.163,-7567.303,-2026.665,-137.0741,0.674,0.337
normalized_1ec6D_M112.pdb,2.811,0.0002110370127789,0.5,0.707,,0.471,5.622,71.62,0.226,0.775,0.35,0.75,1.0,1.0,0.842,-3505.08,59977.0,-0.058,,0.219,1.265,0.201,-7835.345,-1932.663,-153.25887,0.656,0.225
normalized_1ec6D_M61.pdb,2.82,0.0002149456025192,0.583,0.866,,0.471,4.834,63.56,0.338,0.85,0.55,0.85,1.0,1.0,0.885,-4967.12,61292.0,-0.081,,0.204,0.844,0.251,-8351.794,-2369.864,-141.79582,0.763,0.338
normalized_1ec6D_M91.pdb,2.827,0.0002181028018509,0.577,0.75,,0.546,4.896,57.07,0.385,0.887,0.65,0.9,1.0,1.0,0.812,-3965.63,57716.0,-0.069,,0.192,1.102,0.238,-7948.959,-2223.514,-144.88351,0.707,0.385
normalized_1ec6D_M97.pdb,2.843,0.000225734896893,0.5,0.354,,0.546,5.686,68.3,0.296,0.838,0.5,0.85,1.0,1.0,0.822,-4029.53,59063.0,-0.068,,0.221,1.141,0.109,-7444.666,-2129.291,-167.49973,0.676,0.296
normalized_1ec6D_M89.pdb,2.85,0.0002287749270697,0.754,0.707,,0.77,3.78,64.22,0.342,0.85,0.55,0.85,1.0,1.0,0.817,-3701.0,57292.0,-0.065,,0.208,1.116,0.27,-7460.198,-1948.221,-142.9631,0.677,0.342
normalized_1ec6D_M124.pdb,2.863,0.0002352712457712,0.472,0.5,,0.516,6.06,74.81,0.297,0.787,0.4,0.75,1.0,1.0,0.844,-2833.72,58673.0,-0.048,,0.227,1.293,0.122,-7260.664,-1803.142,-143.97108,0.637,0.297
normalized_1ec6D_M100.pdb,2.904,0.0002559866289788,0.378,0.707,,0.258,7.682,70.85,0.283,0.812,0.45,0.8,1.0,1.0,0.826,-3343.7,56220.0,-0.059,,0.214,1.395,0.186,-7046.469,-1911.226,-163.62659,0.592,0.283
normalized_1ec6D_M116.pdb,2.97,0.0002933441862851,0.335,0.5,,0.333,8.854,74.27,0.251,0.812,0.4,0.85,1.0,1.0,0.808,-3271.38,57616.0,-0.057,,0.211,1.358,0.1,-7153.821,-1780.097,-155.37575,0.639,0.248
normalized_1ec6D_M123.pdb,2.976,0.0002972900323767,0.53,0.354,,0.645,5.612,65.29,0.232,0.787,0.35,0.8,1.0,1.0,0.827,-3217.07,58752.0,-0.055,,0.229,1.158,0.176,-7445.341,-1793.63,-145.58879,0.65,0.232
normalized_1ec6D_M137.pdb,2.977,0.0002977695533111,0.335,0.5,,0.333,8.876,64.65,0.343,0.863,0.55,0.9,1.0,1.0,0.823,-2965.52,58769.0,-0.05,,0.246,1.401,0.076,-7202.793,-1926.124,-139.091,0.493,0.343
normalized_1ec6D_M85.pdb,2.993,0.0003076716652116,0.632,0.707,,0.707,4.732,49.37,0.267,0.85,0.55,0.85,1.0,1.0,0.857,-4116.5,58972.0,-0.07,,0.221,1.159,0.145,-7607.594,-1887.034,-149.26239,0.667,0.267
normalized_1ec6D_M58.pdb,3.023,0.0003269948072139,0.832,1.0,,0.77,3.633,45.28,0.465,0.9,0.75,0.85,1.0,1.0,0.883,-5359.64,58523.0,-0.092,,0.197,0.872,0.362,-8520.574,-2436.164,-138.43999,0.765,0.465
normalized_1ec6D_M143.pdb,3.026,0.0003288872804871,0.567,0.894,,0.408,5.337,60.88,0.252,0.8,0.4,0.8,1.0,1.0,0.813,-2550.22,56824.0,-0.045,,0.262,1.06,0.191,-7130.363,-1842.848,-151.36229,0.628,0.252
normalized_1ec6D_M88.pdb,3.037,0.0003364090179858,0.442,0.707,,0.387,6.872,57.79,0.308,0.825,0.5,0.85,0.95,1.0,0.833,-4214.85,59086.0,-0.071,,0.247,1.399,0.215,-7936.946,-2212.737,-145.45891,0.692,0.315
normalized_1ec6D_M113.pdb,3.038,0.0003372986513906,0.619,0.707,,0.589,4.91,52.49,0.313,0.812,0.5,0.75,1.0,1.0,0.803,-4336.71,58109.0,-0.075,,0.221,0.874,0.197,-7626.213,-2256.644,-143.07384,0.685,0.313
normalized_1ec6D_M54.pdb,3.076,0.0003638890980239,0.775,0.75,,0.822,3.971,42.32,0.394,0.875,0.65,0.85,1.0,1.0,0.901,-5711.33,60092.0,-0.095,,0.253,0.82,0.205,-8603.573,-2438.702,-156.91571,0.626,0.393
normalized_1ec6D_M136.pdb,3.129,0.0004051942769954,0.53,0.707,,0.577,5.9,58.22,0.241,0.825,0.4,0.9,1.0,1.0,0.797,-4159.89,56982.0,-0.073,,0.221,1.339,0.145,-7727.475,-1907.748,-153.9976,0.645,0.241
normalized_1ec6D_M129.pdb,3.133,0.0004082980110758,0.53,0.577,,0.577,5.907,67.66,0.303,0.85,0.5,0.9,1.0,1.0,0.787,-3580.07,59409.0,-0.06,,0.228,1.159,0.093,-7633.336,-2065.294,-147.22752,0.648,0.303
normalized_1ec6D_M78.pdb,3.158,0.0004292255687032,0.624,1.0,,0.51,5.06,74.28,0.283,0.825,0.55,0.8,0.95,1.0,0.848,-4533.31,61201.0,-0.074,,0.267,1.063,0.282,-8548.133,-2398.24,-147.02383,0.705,0.283
normalized_1ec6D_M269.pdb,3.16,0.0004312094270906,0.144,0.5,,0.0,21.894,72.56,0.184,0.75,0.3,0.7,1.0,1.0,0.754,-1829.54,58295.0,-0.031,,0.251,1.584,0.036,-7080.891,-1694.503,-148.34639,0.566,0.185
normalized_1ec6D_M121.pdb,3.163,0.0004340954811241,0.632,0.577,,0.707,5.002,67.03,0.314,0.85,0.5,0.9,1.0,1.0,0.807,-3382.37,58464.0,-0.058,,0.218,1.109,0.248,-7569.022,-2129.869,-143.9411,0.665,0.314
normalized_1ec6D_M141.pdb,3.183,0.0004510432604626,0.553,0.707,,0.589,5.751,76.61,0.241,0.8,0.4,0.8,1.0,1.0,0.802,-3891.31,60313.0,-0.065,,0.229,1.146,0.192,-7774.132,-2160.599,-147.97627,0.651,0.241
normalized_1ec6D_M87.pdb,3.189,0.0004564187943273,0.5,0.707,,0.436,6.377,75.89,0.277,0.825,0.55,0.8,0.95,1.0,0.856,-3785.06,59774.0,-0.063,,0.279,1.194,0.147,-7630.573,-2017.644,-156.74443,0.666,0.276
normalized_1ec6D_M69.pdb,3.191,0.0004585433863182,0.763,1.0,,0.674,4.184,46.06,0.354,0.875,0.65,0.85,1.0,1.0,0.871,-5097.97,59728.0,-0.085,,0.257,0.816,0.301,-8356.84,-2456.453,-159.19641,0.753,0.35
normalized_1ec6D_M160.pdb,3.22,0.0004853490137808,0.289,0.5,,0.289,11.153,73.41,0.255,0.762,0.4,0.7,0.95,1.0,0.812,-1851.97,59867.0,-0.031,,0.292,1.297,0.134,-7251.911,-1666.207,-161.00964,0.608,0.268
normalized_1ec6D_M110.pdb,3.223,0.0004882809750269,0.5,0.707,,0.516,6.445,58.11,0.297,0.838,0.5,0.85,1.0,1.0,0.762,-3178.45,57531.0,-0.055,,0.188,1.393,0.136,-7129.178,-1814.612,-152.23845,0.623,0.297
normalized_1ec6D_M150.pdb,3.227,0.0004928069357102,0.306,0.354,,0.333,10.54,75.35,0.208,0.762,0.35,0.7,1.0,1.0,0.832,-2472.78,59843.0,-0.041,,0.261,1.307,0.113,-7348.065,-1855.842,-145.3487,0.611,0.208
normalized_1ec6D_M86.pdb,3.234,0.0004995238987119,0.754,0.866,,0.714,4.291,50.31,0.325,0.863,0.65,0.8,1.0,1.0,0.86,-4619.4,58955.0,-0.078,,0.265,1.049,0.224,-8169.321,-2245.162,-155.01105,0.713,0.3
normalized_1ec6D_M125.pdb,3.235,0.0005005067323992,0.559,0.707,,0.5,5.787,62.45,0.257,0.8,0.5,0.7,1.0,1.0,0.845,-2631.9,59894.0,-0.044,,0.259,1.486,0.122,-7411.817,-1845.011,-153.26282,0.504,0.257
normalized_1ec6D_M169.pdb,3.242,0.0005074416751887,0.25,0.5,,0.204,12.969,70.43,0.25,0.8,0.45,0.75,1.0,1.0,0.784,-2186.73,60855.0,-0.036,,0.23,1.492,0.082,-7195.726,-1849.618,-159.5699,0.588,0.25
normalized_1ec6D_M187.pdb,3.247,0.0005122034160038,0.375,0.5,,0.333,8.658,63.64,0.301,0.85,0.5,0.95,0.95,1.0,0.757,-3155.43,58268.0,-0.054,,0.248,1.501,0.128,-7339.708,-1963.623,-149.35733,0.626,0.301
normalized_1ec6D_M176.pdb,3.296,0.0005644634514166,0.354,0.577,,0.289,9.323,63.48,0.235,0.775,0.35,0.75,1.0,1.0,0.8,-2995.1,59499.0,-0.05,,0.219,1.221,0.258,-7688.432,-2075.332,-158.00183,0.629,0.235
normalized_1ec6D_M164.pdb,3.302,0.000570740619632,0.408,0.577,,0.408,8.088,80.05,0.164,0.75,0.3,0.7,1.0,1.0,0.797,-1730.42,59097.0,-0.029,,0.269,1.285,0.142,-6864.957,-1651.848,-160.34956,0.6,0.164
normalized_1ec6D_M106.pdb,3.325,0.0005965299021641,0.577,0.707,,0.577,5.758,62.64,0.309,0.812,0.45,0.8,1.0,1.0,0.791,-2982.38,59040.0,-0.051,,0.241,1.149,0.157,-7134.796,-1981.718,-157.58603,0.648,0.309
normalized_1ec6D_M80.pdb,3.326,0.0005985893836773,0.474,0.707,,0.471,7.013,56.69,0.397,0.85,0.6,0.8,1.0,1.0,0.8,-4377.7,58815.0,-0.074,,0.228,1.314,0.131,-7992.357,-2207.867,-143.60423,0.681,0.396
normalized_1ec6D_M147.pdb,3.328,0.000600761197992,0.472,0.5,,0.471,7.045,79.24,0.231,0.75,0.35,0.7,0.95,1.0,0.862,-2899.98,60510.0,-0.048,,0.288,1.475,0.205,-7716.091,-1914.985,-141.4244,0.642,0.231
normalized_1ec6D_M148.pdb,3.332,0.0006056189598743,0.447,0.707,,0.333,7.451,72.69,0.222,0.775,0.4,0.8,0.9,1.0,0.816,-3117.22,59338.0,-0.053,,0.266,1.137,0.162,-7363.015,-1777.639,-137.87817,0.623,0.222
normalized_1ec6D_M185.pdb,3.337,0.0006110851130966,0.375,0.5,,0.408,8.899,74.71,0.23,0.8,0.4,0.8,1.0,1.0,0.787,-2366.53,57463.0,-0.041,,0.256,1.402,0.124,-6811.812,-1969.154,-144.31934,0.618,0.23
normalized_1ec6D_M173.pdb,3.356,0.0006341913890684,0.53,0.707,,0.471,6.328,67.88,0.338,0.863,0.55,0.9,1.0,1.0,0.765,-1649.72,56693.0,-0.029,,0.223,1.298,0.114,-6596.613,-1839.179,-144.49063,0.571,0.338
normalized_1ec6D_M102.pdb,3.357,0.0006356273864182,0.5,0.577,,0.516,6.715,72.58,0.291,0.8,0.45,0.75,1.0,1.0,0.853,-3546.24,59648.0,-0.059,,0.251,1.551,0.116,-7479.528,-2010.0,-163.84956,0.634,0.291
normalized_1ec6D_M62.pdb,3.359,0.0006372810583342,0.567,0.5,,0.589,5.924,50.95,0.308,0.85,0.6,0.85,0.95,1.0,0.84,-5094.63,59822.0,-0.085,,0.253,1.009,0.27,-8106.152,-2261.357,-142.76918,0.728,0.308
normalized_1ec6D_M93.pdb,3.375,0.0006572718356485,0.632,0.866,,0.589,5.336,57.61,0.349,0.85,0.55,0.85,1.0,1.0,0.822,-3695.81,60861.0,-0.061,,0.262,1.266,0.163,-7936.573,-2094.01,-138.8913,0.671,0.348
normalized_1ec6D_M133.pdb,3.398,0.0006873675559267,0.559,0.707,,0.5,6.078,65.18,0.312,0.825,0.45,0.85,1.0,1.0,0.821,-3162.59,58647.0,-0.054,,0.22,1.234,0.124,-7381.962,-1803.512,-159.02722,0.649,0.312
normalized_1ec6D_M156.pdb,3.402,0.0006928123998302,0.447,0.5,,0.433,7.607,75.99,0.222,0.75,0.3,0.7,1.0,1.0,0.76,-2337.73,57715.0,-0.041,,0.251,1.348,0.169,-6929.844,-1622.136,-142.23897,0.594,0.22
normalized_1ec6D_M159.pdb,3.425,0.0007247052032683,0.433,0.5,,0.408,7.91,74.3,0.295,0.762,0.4,0.7,0.95,1.0,0.782,-2597.84,60048.0,-0.043,,0.262,1.471,0.115,-6985.426,-1918.187,-143.31017,0.623,0.295
normalized_1ec6D_M180.pdb,3.431,0.0007333866104271,0.25,0.5,,0.204,13.726,78.42,0.156,0.713,0.2,0.65,1.0,1.0,0.744,-1995.68,58482.0,-0.034,,0.275,1.38,0.13,-6720.628,-1571.782,-144.60553,0.558,0.156
normalized_1ec6D_M179.pdb,3.456,0.0007681875733223,0.0,,,,inf,77.51,0.189,0.713,0.35,0.55,0.95,1.0,0.763,-1527.51,55492.0,-0.028,,0.271,1.557,0.072,-6400.741,-1655.785,-162.62329,0.538,0.232
normalized_1ec6D_M103.pdb,3.468,0.0007865784525053,0.794,1.0,,0.714,4.369,60.49,0.384,0.85,0.7,0.8,0.9,1.0,0.861,-4868.74,61053.0,-0.08,,0.317,0.91,0.31,-8171.212,-2405.647,-140.59088,0.704,0.384
normalized_1ec6D_M224.pdb,3.492,0.0008227806405974,0.333,0.289,,0.433,10.475,75.27,0.197,0.738,0.3,0.65,1.0,1.0,0.771,-2681.55,62909.0,-0.043,,0.263,1.566,0.102,-7365.1,-1749.744,-151.68294,0.588,0.179
normalized_1ec6D_M135.pdb,3.525,0.0008757869326208,0.632,0.707,,0.655,5.573,69.97,0.243,0.775,0.4,0.75,0.95,1.0,0.824,-3589.95,62218.0,-0.058,,0.294,1.396,0.16,-7730.586,-2284.912,-173.63536,0.634,0.243
normalized_1ec6D_M145.pdb,3.536,0.0008943863752253,0.472,0.5,,0.516,7.484,75.1,0.249,0.812,0.4,0.85,1.0,1.0,0.79,-2122.45,59640.0,-0.036,,0.226,1.369,0.111,-6709.155,-1725.238,-159.03336,0.484,0.249
normalized_1ec6D_M122.pdb,3.537,0.0008969005238911,0.559,0.5,,0.577,6.328,71.17,0.347,0.812,0.5,0.8,0.95,1.0,0.802,-4615.2,58786.0,-0.079,,0.289,1.247,0.174,-7709.268,-2080.006,-148.62344,0.671,0.346
normalized_1ec6D_M131.pdb,3.569,0.0009516662336269,0.567,0.707,,0.516,6.295,67.65,0.207,0.775,0.35,0.75,1.0,1.0,0.802,-2306.86,58451.0,-0.039,,0.267,1.3,0.153,-7029.156,-1726.989,-143.2699,0.591,0.207
normalized_1ec6D_M117.pdb,3.588,0.0009860012080124,0.378,0.707,,0.289,9.492,65.59,0.237,0.762,0.35,0.75,0.95,1.0,0.786,-3420.19,58302.0,-0.059,,0.268,1.165,0.109,-7232.008,-2069.413,-151.33546,0.534,0.237
normalized_1ec6D_M264.pdb,3.605,0.0010179012225708,0.224,0.5,,0.204,16.121,74.82,0.222,0.8,0.35,0.85,1.0,1.0,0.715,-1657.41,54676.0,-0.03,,0.233,1.551,0.054,-6256.913,-1711.089,-149.66965,0.53,0.222
normalized_1ec6D_M138.pdb,3.637,0.0010802546890376,0.712,0.707,,0.764,5.111,64.32,0.267,0.775,0.4,0.8,0.9,1.0,0.819,-3634.17,60941.0,-0.06,,0.293,1.224,0.279,-7769.443,-2066.126,-151.91911,0.631,0.238
normalized_1ec6D_M214.pdb,3.641,0.001089342547797,0.354,0.5,,0.289,10.299,78.26,0.223,0.762,0.35,0.75,0.95,1.0,0.671,-1047.35,60206.0,-0.017,,0.292,1.533,0.092,-6921.022,-1712.043,-149.17566,0.448,0.223
normalized_1ec6D_M199.pdb,3.645,0.0010977364007948,0.144,,,0.289,25.255,85.37,0.155,0.688,0.2,0.55,1.0,1.0,0.756,-1610.47,56031.0,-0.029,,0.293,1.52,0.038,-6490.058,-1746.539,-154.15019,0.523,0.14
normalized_1ec6D_M126.pdb,3.652,0.0011106626497203,0.306,0.5,,0.333,11.926,75.27,0.296,0.8,0.45,0.75,1.0,1.0,0.745,-2372.44,57753.0,-0.041,,0.222,1.462,0.157,-6817.249,-1828.945,-148.05925,0.597,0.296
normalized_1ec6D_M132.pdb,3.655,0.0011187909492417,0.125,,,0.167,29.244,68.55,0.269,0.787,0.4,0.8,0.95,1.0,0.797,-3617.61,60084.0,-0.06,,0.28,1.284,0.129,-7846.845,-2034.052,-141.13817,0.653,0.269
normalized_1ec6D_M98.pdb,3.67,0.001148292918788,0.829,0.866,,0.816,4.426,60.91,0.303,0.8,0.45,0.8,0.95,1.0,0.844,-4947.77,59705.0,-0.083,,0.276,0.88,0.227,-8064.308,-2285.245,-143.4877,0.713,0.279
normalized_1ec6D_M153.pdb,3.676,0.0011623461028222,0.378,0.707,,0.289,9.726,60.74,0.212,0.713,0.3,0.65,0.9,1.0,0.786,-2386.88,60370.0,-0.04,,0.303,1.441,0.11,-7028.179,-1819.378,-142.6417,0.621,0.201
normalized_1ec6D_M74.pdb,3.685,0.0011813084366517,0.667,0.5,,0.764,5.527,64.05,0.33,0.8,0.55,0.75,0.9,1.0,0.816,-3646.31,59695.0,-0.061,,0.304,1.108,0.149,-7233.351,-1797.822,-143.27632,0.663,0.329
normalized_1ec6D_M146.pdb,3.702,0.0012195473866408,0.667,0.707,,0.655,5.553,63.12,0.297,0.812,0.5,0.75,1.0,1.0,0.76,-3939.28,59433.0,-0.066,,0.237,1.296,0.177,-7686.575,-2039.828,-149.12485,0.628,0.297
normalized_1ec6D_M158.pdb,3.727,0.0012772003060672,0.375,0.354,,0.408,9.939,74.05,0.278,0.812,0.45,0.8,1.0,1.0,0.724,-2429.54,58095.0,-0.042,,0.269,1.268,0.082,-6762.7,-1698.032,-137.42719,0.402,0.277
normalized_1ec6D_M168.pdb,3.735,0.0012963704088687,0.53,0.866,,0.387,7.044,70.78,0.151,0.738,0.3,0.65,1.0,1.0,0.749,-1950.77,59492.0,-0.033,,0.28,1.317,0.163,-7234.892,-1882.231,-153.00285,0.575,0.151
normalized_1ec6D_M114.pdb,3.738,0.0013022434275069,0.612,0.707,,0.577,6.104,58.97,0.28,0.787,0.45,0.7,1.0,1.0,0.817,-2600.13,59444.0,-0.044,,0.251,1.077,0.185,-7100.196,-1864.616,-143.84622,0.5,0.279
normalized_1ec6D_M151.pdb,3.749,0.0013301060250667,0.442,0.707,,0.387,8.484,67.22,0.196,0.725,0.4,0.65,0.85,1.0,0.808,-2377.21,61741.0,-0.039,,0.328,1.335,0.192,-7953.886,-1914.573,-139.88135,0.62,0.196
normalized_1ec6D_M193.pdb,3.8,0.00145885098179,0.472,0.289,,0.577,8.044,62.61,0.255,0.8,0.4,0.85,0.95,1.0,0.836,-4056.57,59066.0,-0.069,,0.26,0.964,0.121,-7350.394,-2009.644,-139.00317,0.654,0.254
normalized_1ec6D_M56.pdb,3.803,0.0014653685556581,0.577,0.894,,0.436,6.587,62.9,0.262,0.762,0.5,0.7,0.85,1.0,0.889,-4304.86,61193.0,-0.07,,0.322,0.939,0.347,-8106.942,-2018.295,-143.19824,0.723,0.262
normalized_1ec6D_M205.pdb,3.819,0.001507903527805,0.25,0.5,,0.167,15.274,69.29,0.266,0.738,0.35,0.65,0.95,1.0,0.772,-1901.21,57751.0,-0.033,,0.293,1.298,0.106,-6574.866,-1737.452,-144.89954,0.567,0.266
normalized_1ec6D_M105.pdb,3.821,0.0015132577016661,0.619,0.5,,0.707,6.175,74.8,0.301,0.8,0.5,0.8,0.9,1.0,0.846,-3786.74,61104.0,-0.062,,0.311,1.407,0.139,-7734.156,-2187.769,-142.7779,0.629,0.287
normalized_1ec6D_M365.pdb,3.821,0.0015134877661996,0.306,0.5,,0.333,12.478,79.63,0.176,0.725,0.25,0.65,1.0,1.0,0.734,-2434.63,58371.0,-0.042,,0.258,1.41,0.091,-6871.735,-1743.179,-163.70802,0.446,0.176
normalized_1ec6D_M211.pdb,3.822,0.0015162917026763,0.25,,,0.408,15.287,75.26,0.194,0.738,0.3,0.65,1.0,1.0,0.739,-1426.01,58064.0,-0.025,,0.267,1.588,0.061,-6381.292,-1751.603,-154.2898,0.462,0.194
normalized_1ec6D_M107.pdb,3.836,0.0015562746179724,0.624,0.866,,0.612,6.147,60.03,0.353,0.8,0.55,0.7,0.95,1.0,0.842,-4730.1,60970.0,-0.078,,0.281,1.2,0.278,-8427.516,-2328.475,-146.06291,0.684,0.353
normalized_1ec6D_M210.pdb,3.844,0.001577581246885,0.375,0.5,,0.333,10.25,73.75,0.257,0.75,0.3,0.75,0.95,1.0,0.74,-2512.2,56213.0,-0.045,,0.237,1.39,0.118,-6875.858,-1758.424,-147.00165,0.584,0.257
normalized_1ec6D_M228.pdb,3.844,0.0015772817124935,0.632,0.75,,0.645,6.077,73.12,0.165,0.662,0.25,0.5,0.9,1.0,0.763,-1840.04,61628.0,-0.03,,0.346,1.158,0.157,-7271.134,-1809.002,-172.0222,0.576,0.182
normalized_1ec6D_M333.pdb,3.851,0.0015991211746305,0.408,0.577,,0.333,9.433,68.76,0.168,0.738,0.3,0.75,0.9,1.0,0.756,-1804.93,61418.0,-0.029,,0.304,1.543,0.071,-7261.919,-1770.758,-169.11873,0.567,0.168
normalized_1ec6D_M290.pdb,3.854,0.0016073336989887,0.433,0.5,,0.408,8.9,79.9,0.164,0.662,0.2,0.5,0.95,1.0,0.747,-1935.15,60750.0,-0.032,,0.314,1.508,0.099,-6664.507,-1493.376,-158.206,0.553,0.165
normalized_1ec6D_M155.pdb,3.866,0.0016434731582203,0.619,0.707,,0.645,6.249,65.08,0.226,0.787,0.35,0.8,1.0,1.0,0.752,-2636.46,59811.0,-0.044,,0.254,1.415,0.121,-7461.377,-1862.063,-158.2527,0.62,0.228
normalized_1ec6D_M200.pdb,3.872,0.0016589479867686,0.375,0.5,,0.408,10.324,70.32,0.176,0.7,0.3,0.6,0.9,1.0,0.74,-2274.19,62195.0,-0.037,,0.305,1.289,0.119,-7246.001,-1752.839,-148.30667,0.52,0.176
normalized_1ec6D_M281.pdb,3.875,0.0016693659677251,0.0,,,0.0,inf,74.72,0.255,0.75,0.35,0.7,0.95,1.0,0.747,-1403.54,58010.0,-0.024,,0.304,1.43,0.078,-6460.299,-1596.047,-159.01907,0.533,0.255
normalized_1ec6D_M260.pdb,3.899,0.0017430342513268,0.0,,,0.0,inf,72.84,0.187,0.7,0.25,0.6,0.95,1.0,0.692,-2100.86,59064.0,-0.036,,0.262,1.566,0.065,-6617.805,-1807.306,-142.02019,0.563,0.187
normalized_1ec6D_M83.pdb,3.9,0.0017443204068469,0.125,,,0.167,31.198,70.63,0.238,0.7,0.35,0.6,0.85,1.0,0.753,-2222.39,58709.0,-0.038,,0.305,1.46,0.129,-7113.006,-1781.391,-168.34087,0.593,0.226
normalized_1ec6D_M302.pdb,3.912,0.0017817856928008,0.375,0.354,,0.408,10.431,57.3,0.19,0.713,0.3,0.6,0.95,1.0,0.765,-1384.03,55809.0,-0.025,,0.294,1.352,0.124,-6118.484,-1518.209,-152.03069,0.527,0.19
normalized_1ec6D_M171.pdb,3.926,0.0018294142049936,0.335,,,0.387,11.707,72.95,0.242,0.75,0.4,0.65,0.95,1.0,0.771,-2478.26,58797.0,-0.042,,0.271,1.245,0.166,-6727.122,-1858.794,-145.67476,0.614,0.242
normalized_1ec6D_M139.pdb,3.941,0.0018761318302434,0.375,0.5,,0.333,10.509,76.27,0.255,0.762,0.45,0.7,0.9,1.0,0.763,-3504.45,61107.0,-0.057,,0.312,1.039,0.157,-7703.666,-2001.484,-150.9369,0.634,0.255
normalized_1ec6D_M128.pdb,3.942,0.0018803156054299,0.51,0.707,,0.433,7.725,75.19,0.169,0.688,0.25,0.65,0.85,1.0,0.791,-2419.57,62764.0,-0.039,,0.327,1.253,0.123,-7308.959,-2037.964,-153.1824,0.611,0.169
normalized_1ec6D_M70.pdb,3.95,0.0019073919947616,0.763,0.75,,0.77,5.179,49.85,0.422,0.887,0.75,0.85,0.95,1.0,0.841,-5423.18,61357.0,-0.088,,0.282,0.951,0.215,-8543.99,-2352.488,-152.1719,0.539,0.422
normalized_1ec6D_M346.pdb,3.978,0.0020046999080569,0.204,0.5,,0.167,19.489,73.9,0.252,0.775,0.4,0.7,1.0,1.0,0.763,-2081.76,61382.0,-0.034,,0.282,1.547,0.149,-7034.294,-1849.622,-138.58725,0.539,0.252
normalized_1ec6D_M184.pdb,3.987,0.002034698867691,0.25,,,0.289,15.947,74.88,0.345,0.812,0.55,0.75,0.95,1.0,0.735,-2147.94,61229.0,-0.035,,0.286,1.432,0.083,-6705.775,-1781.166,-162.5661,0.582,0.345
normalized_1ec6D_M177.pdb,4.022,0.0021637973998845,0.51,0.707,,0.5,7.881,79.04,0.21,0.775,0.35,0.75,1.0,1.0,0.785,-2738.79,60353.0,-0.045,,0.253,1.205,0.126,-7130.243,-1800.837,-144.49355,0.598,0.21
normalized_1ec6D_M142.pdb,4.042,0.0022405786194594,0.472,0.5,,0.516,8.555,66.49,0.24,0.762,0.4,0.7,0.95,1.0,0.775,-3607.33,60443.0,-0.06,,0.288,1.283,0.159,-7489.636,-2029.776,-145.58458,0.619,0.219
normalized_1ec6D_M247.pdb,4.044,0.0022480068318334,0.204,,,0.289,19.81,78.34,0.171,0.7,0.25,0.6,0.95,1.0,0.771,-1841.16,59654.0,-0.031,,0.314,1.587,0.051,-7051.274,-1896.878,-147.39641,0.566,0.182
normalized_1ec6D_M178.pdb,4.045,0.0022539278165972,0.375,0.707,,0.204,10.787,73.77,0.176,0.688,0.35,0.55,0.85,1.0,0.813,-2340.54,61535.0,-0.038,,0.395,1.202,0.144,-7382.674,-1707.007,-152.48288,0.61,0.172
normalized_1ec6D_M154.pdb,4.046,0.0022573171736107,0.335,,,0.387,12.063,74.48,0.251,0.762,0.35,0.7,1.0,1.0,0.811,-3320.2,58014.0,-0.057,,0.252,1.245,0.216,-6985.206,-2106.091,-142.25531,0.595,0.251
normalized_1ec6D_M167.pdb,4.073,0.0023677424757402,0.417,0.577,,0.387,9.776,70.13,0.257,0.775,0.4,0.8,0.9,1.0,0.744,-2865.21,59363.0,-0.048,,0.302,1.389,0.078,-7079.85,-1619.392,-146.36314,0.61,0.248
normalized_1ec6D_M340.pdb,4.076,0.0023780593489651,0.25,,,0.333,16.304,81.36,0.164,0.7,0.25,0.55,1.0,1.0,0.693,-1271.13,58510.0,-0.022,,0.322,1.534,0.074,-6661.287,-1579.933,-155.2055,0.532,0.153
normalized_1ec6D_M157.pdb,4.093,0.002447714119366,0.283,0.5,,0.258,14.438,65.68,0.338,0.762,0.5,0.7,0.85,1.0,0.809,-2861.43,62681.0,-0.046,,0.35,1.447,0.127,-7506.12,-1981.361,-152.51283,0.449,0.305
normalized_1ec6D_M72.pdb,4.097,0.0024666607868719,0.528,0.577,,0.51,7.765,72.57,0.277,0.762,0.4,0.75,0.9,1.0,0.851,-3943.53,60056.0,-0.066,,0.328,1.217,0.237,-7755.137,-2274.791,-133.46036,0.672,0.276
normalized_1ec6D_M387.pdb,4.116,0.0025473857223708,0.265,0.5,,0.258,15.522,80.62,0.172,0.675,0.25,0.6,0.85,1.0,0.779,-1807.93,59764.0,-0.03,,0.352,1.267,0.131,-6926.037,-1779.599,-158.50362,0.596,0.168
normalized_1ec6D_M172.pdb,4.167,0.0027792311225432,0.306,0.5,,0.333,13.608,80.3,0.223,0.688,0.3,0.6,0.85,1.0,0.732,-1870.55,60091.0,-0.031,,0.344,1.474,0.114,-6752.959,-1843.217,-162.44128,0.475,0.238
normalized_1ec6D_M170.pdb,4.184,0.0028629337101589,0.177,0.0,,0.289,23.669,74.8,0.189,0.713,0.3,0.6,0.95,1.0,0.733,-1309.03,59122.0,-0.022,,0.295,1.351,0.131,-6312.238,-1739.018,-153.5504,0.556,0.189
normalized_1ec6D_M207.pdb,4.188,0.0028819610256018,0.408,0.707,,0.289,10.258,74.48,0.258,0.825,0.5,0.85,0.95,1.0,0.793,-2281.34,60722.0,-0.038,,0.257,1.271,0.111,-7090.275,-1905.362,-174.57945,0.602,0.258
normalized_1ec6D_M201.pdb,4.191,0.002898252392932,0.354,0.5,,0.289,11.855,66.26,0.197,0.75,0.35,0.7,0.95,1.0,0.767,-2764.83,58495.0,-0.047,,0.302,1.36,0.145,-6739.225,-1776.042,-145.06815,0.575,0.225
normalized_1ec6D_M109.pdb,4.192,0.0029001446382792,0.5,0.707,,0.471,8.383,73.91,0.343,0.875,0.65,0.9,0.95,1.0,0.864,-4505.42,61936.0,-0.073,,0.285,1.182,0.233,-7915.151,-2371.37,-149.52206,0.684,0.343
normalized_1ec6D_M240.pdb,4.194,0.0029098118135506,0.51,0.5,,0.577,8.218,69.63,0.162,0.675,0.3,0.45,0.95,1.0,0.744,-1759.46,58300.0,-0.03,,0.352,1.388,0.079,-6557.839,-1571.951,-170.67297,0.537,0.158
normalized_1ec6D_M235.pdb,4.196,0.0029214076094388,0.378,0.707,,0.289,11.101,74.39,0.205,0.775,0.3,0.8,1.0,1.0,0.793,-1955.27,56431.0,-0.035,,0.285,1.135,0.13,-6751.55,-1633.401,-157.53923,0.583,0.205
normalized_1ec6D_M261.pdb,4.202,0.002952529676611,0.335,0.5,,0.408,12.528,73.26,0.199,0.688,0.3,0.6,0.85,1.0,0.771,-2414.13,59548.0,-0.041,,0.373,1.109,0.092,-7164.701,-1868.453,-152.1562,0.606,0.185
normalized_1ec6D_M213.pdb,4.206,0.0029713442199778,0.112,0.5,,0.0,37.619,72.33,0.182,0.7,0.25,0.6,0.95,1.0,0.724,-358.312,56989.0,-0.006,,0.337,1.563,0.027,-6018.342,-1510.236,-164.02367,0.51,0.182
normalized_1ec6D_M191.pdb,4.226,0.0030731932329522,0.177,0.5,,,23.905,80.14,0.191,0.713,0.3,0.65,0.9,1.0,0.769,-2328.83,62193.0,-0.037,,0.358,1.357,0.133,-7325.892,-1974.696,-136.77493,0.595,0.19
normalized_1ec6D_M317.pdb,4.226,0.0030759000126486,0.433,0.5,,0.408,9.76,71.91,0.167,0.675,0.3,0.55,0.85,1.0,0.728,-646.33,59711.0,-0.011,,0.337,1.247,0.124,-6382.198,-1873.782,-140.92307,0.533,0.172
normalized_1ec6D_M241.pdb,4.23,0.0030974523599501,0.0,,,0.0,inf,70.63,0.197,0.7,0.35,0.6,0.85,1.0,0.751,-1140.11,58103.0,-0.02,,0.352,1.708,0.044,-6583.501,-1615.77,-163.60434,0.556,0.208
normalized_1ec6D_M291.pdb,4.254,0.003223184657948,0.53,0.5,,0.589,8.022,78.12,0.175,0.7,0.25,0.65,0.9,1.0,0.744,-2081.6,58089.0,-0.036,,0.324,1.394,0.156,-7196.556,-1650.355,-147.43866,0.572,0.175
normalized_1ec6D_M108.pdb,4.257,0.0032416563159365,0.442,0.707,,0.387,9.634,62.03,0.193,0.725,0.35,0.65,0.9,1.0,0.816,-2946.56,60006.0,-0.049,,0.343,1.283,0.125,-7208.929,-1975.965,-141.47026,0.535,0.178
normalized_1ec6D_M376.pdb,4.283,0.0033851027378422,0.224,0.5,,0.167,19.155,76.2,0.225,0.75,0.35,0.7,0.95,1.0,0.718,-1514.95,60749.0,-0.025,,0.295,1.589,0.115,-6589.755,-1636.751,-152.93648,0.546,0.225
normalized_1ec6D_M96.pdb,4.283,0.0033859656718432,0.447,0.5,,0.433,9.578,58.78,0.295,0.825,0.6,0.8,0.9,1.0,0.78,-3081.45,60912.0,-0.051,,0.325,1.38,0.193,-7609.926,-2146.398,-156.90518,0.48,0.295
normalized_1ec6D_M175.pdb,4.286,0.0033979086200662,0.306,0.0,,0.433,13.997,76.13,0.177,0.738,0.35,0.65,0.95,1.0,0.773,-1440.7,59712.0,-0.024,,0.312,1.58,0.06,-6783.74,-1711.178,-160.08934,0.567,0.181
normalized_1ec6D_M418.pdb,4.302,0.0034938112829033,0.53,0.577,,0.516,8.112,69.15,0.158,0.65,0.25,0.5,0.85,1.0,0.804,-1842.82,59165.0,-0.031,,0.359,1.453,0.154,-6773.672,-1534.596,-160.65161,0.537,0.158
normalized_1ec6D_M229.pdb,4.304,0.0035066118932601,0.472,0.707,,0.433,9.111,71.8,0.196,0.738,0.35,0.7,0.9,1.0,0.741,-2614.61,60326.0,-0.043,,0.314,1.276,0.173,-7266.457,-1619.339,-162.26585,0.592,0.196
normalized_1ec6D_M259.pdb,4.305,0.0035082771488926,0.375,0.707,,0.204,11.479,65.41,0.173,0.637,0.25,0.45,0.85,1.0,0.727,-1680.49,56487.0,-0.03,,0.379,1.32,0.085,-6560.139,-1609.787,-154.2317,0.551,0.173
normalized_1ec6D_M182.pdb,4.307,0.0035247275390059,0.583,0.866,,0.516,7.384,70.09,0.162,0.662,0.25,0.55,0.85,1.0,0.788,-2531.07,62747.0,-0.04,,0.375,1.234,0.135,-7741.504,-1976.259,-153.91313,0.615,0.169
normalized_1ec6D_M194.pdb,4.329,0.0036530494870823,0.53,0.577,,0.516,8.163,64.34,0.18,0.662,0.3,0.55,0.8,1.0,0.788,-1550.32,62307.0,-0.025,,0.363,1.453,0.082,-6968.797,-1762.115,-139.63922,0.562,0.171
normalized_1ec6D_M256.pdb,4.332,0.0036720695218604,0.224,,,0.289,19.374,64.81,0.238,0.775,0.4,0.75,0.95,1.0,0.732,-1389.28,56207.0,-0.025,,0.298,1.402,0.125,-6237.802,-1741.127,-133.26537,0.543,0.232
normalized_1ec6D_M233.pdb,4.338,0.0037093965460258,0.408,0.5,,0.387,10.626,72.18,0.244,0.738,0.4,0.6,0.95,1.0,0.692,-1926.46,59097.0,-0.033,,0.314,1.488,0.161,-6982.772,-1662.875,-179.16814,0.579,0.234
normalized_1ec6D_M276.pdb,4.339,0.003713965320629,0.125,,,0.204,34.712,69.18,0.219,0.713,0.35,0.65,0.85,1.0,0.731,-1387.76,57480.0,-0.024,,0.331,1.51,0.129,-6237.155,-1529.004,-150.28433,0.511,0.219
normalized_1ec6D_M218.pdb,4.352,0.0037931607426659,0.094,0.354,,0.0,46.054,82.58,0.152,0.7,0.25,0.65,0.9,1.0,0.698,-1627.23,57338.0,-0.028,,0.343,1.601,0.094,-6840.45,-1446.008,-158.95193,0.499,0.152
normalized_1ec6D_M475.pdb,4.353,0.0038008989234947,0.189,0.5,,0.144,23.033,83.21,0.176,0.7,0.25,0.65,0.9,1.0,0.714,-761.605,59809.0,-0.013,,0.336,1.519,0.126,-6644.734,-1675.137,-152.11948,0.512,0.163
normalized_1ec6D_M255.pdb,4.355,0.0038134026603648,0.25,0.354,,0.289,17.42,77.38,0.208,0.7,0.3,0.6,0.9,1.0,0.747,-1365.33,58370.0,-0.023,,0.308,1.473,0.077,-6727.828,-1926.668,-141.96365,0.529,0.208
normalized_1ec6D_M152.pdb,4.355,0.0038154162081137,0.306,,,0.433,14.224,77.05,0.217,0.775,0.35,0.8,0.95,1.0,0.764,-2927.41,59205.0,-0.049,,0.295,1.384,0.187,-7054.767,-1965.579,-138.88153,0.384,0.217
normalized_1ec6D_M222.pdb,4.372,0.0039243636250845,0.472,0.5,,0.516,9.254,66.17,0.203,0.637,0.3,0.4,0.85,1.0,0.724,-1435.42,59349.0,-0.024,,0.358,1.534,0.084,-6913.288,-1527.386,-147.70815,0.546,0.203
normalized_1ec6D_M294.pdb,4.379,0.0039708761448571,0.144,0.5,,0.0,30.342,70.7,0.191,0.7,0.3,0.6,0.9,1.0,0.747,-806.182,61837.0,-0.013,,0.338,1.508,0.111,-6904.925,-1706.738,-144.76804,0.569,0.203
normalized_1ec6D_M477.pdb,4.398,0.0040926914150628,0.177,0.5,,0.0,24.878,74.14,0.184,0.675,0.3,0.55,0.85,1.0,0.737,-379.715,58058.0,-0.007,,0.37,1.483,0.06,-5949.013,-1583.628,-136.90509,0.517,0.183
normalized_1ec6D_M221.pdb,4.411,0.0041822198849892,0.224,0.5,,0.167,19.727,76.83,0.188,0.65,0.3,0.45,0.85,1.0,0.777,-1815.45,58553.0,-0.031,,0.341,1.504,0.119,-6658.076,-1430.764,-164.47478,0.527,0.168
normalized_1ec6D_M292.pdb,4.412,0.0041889134372783,0.112,,,0.144,39.462,87.5,0.17,0.662,0.2,0.55,0.9,1.0,0.745,1.794,57558.0,0.0,,0.381,1.581,0.117,-6253.133,-1604.016,-134.21878,0.527,0.172
normalized_1ec6D_M339.pdb,4.443,0.0044051418934357,0.0,,,0.0,inf,77.9,0.157,0.625,0.2,0.5,0.8,1.0,0.71,165.543,58036.0,0.003,,0.38,1.497,0.07,-5821.544,-1566.874,-184.15791,0.501,0.142
normalized_1ec6D_M315.pdb,4.467,0.0045848575861003,0.354,0.5,,0.289,12.636,68.2,0.215,0.738,0.35,0.7,0.9,1.0,0.678,-910.276,60139.0,-0.015,,0.31,1.519,0.039,-6173.722,-1668.079,-144.26352,0.526,0.211
normalized_1ec6D_M186.pdb,4.47,0.0046071346855731,0.335,0.354,,0.333,13.328,67.02,0.145,0.65,0.25,0.55,0.8,1.0,0.743,-955.483,58311.0,-0.016,,0.409,1.494,0.092,-6378.179,-1578.363,-158.99466,0.555,0.15
normalized_1ec6D_M165.pdb,4.471,0.0046123034262578,0.102,0.5,,0.0,43.807,80.35,0.261,0.775,0.45,0.75,0.9,1.0,0.788,-1795.06,59497.0,-0.03,,0.33,1.429,0.063,-6731.67,-1803.075,-142.39108,0.594,0.263
normalized_1ec6D_M223.pdb,4.48,0.0046821803225818,0.408,0.5,,0.433,10.975,79.5,0.159,0.675,0.25,0.55,0.9,1.0,0.738,-2311.87,59865.0,-0.039,,0.324,1.498,0.138,-7023.884,-1606.018,-144.92662,0.586,0.149
normalized_1ec6D_M130.pdb,4.512,0.0049245075398178,0.619,0.707,,0.589,7.292,67.25,0.164,0.662,0.3,0.5,0.85,1.0,0.798,-2997.07,60058.0,-0.05,,0.313,1.065,0.22,-7326.881,-2005.523,-143.94128,0.374,0.174
normalized_1ec6D_M318.pdb,4.512,0.0049251459717881,0.567,0.707,,0.516,7.958,73.3,0.162,0.637,0.25,0.5,0.8,1.0,0.718,-2453.32,59723.0,-0.041,,0.399,1.207,0.159,-7054.943,-1841.798,-137.55292,0.568,0.165
normalized_1ec6D_M118.pdb,4.518,0.0049768005909766,0.417,0.707,,0.387,10.844,68.3,0.28,0.762,0.55,0.65,0.85,1.0,0.805,-3588.36,63240.0,-0.057,,0.398,1.309,0.204,-7982.291,-2192.369,-148.11566,0.644,0.281
normalized_1ec6D_M195.pdb,4.519,0.0049814953474557,0.619,0.5,,0.655,7.303,80.53,0.166,0.7,0.3,0.6,0.9,1.0,0.791,-1968.27,64928.0,-0.03,,0.36,1.266,0.17,-7761.451,-1744.852,-169.42319,0.6,0.166
normalized_1ec6D_M246.pdb,4.522,0.0050087239227572,0.144,,,0.204,31.331,79.24,0.199,0.662,0.3,0.5,0.85,1.0,0.796,-1919.36,59114.0,-0.032,,0.358,1.526,0.151,-6447.133,-1693.366,-141.79839,0.533,0.2
normalized_1ec6D_M166.pdb,4.53,0.0050716544564581,0.25,,,0.333,18.12,77.68,0.23,0.725,0.4,0.65,0.85,1.0,0.794,-2271.17,61682.0,-0.037,,0.375,1.538,0.136,-7258.049,-1911.562,-140.29492,0.459,0.215
normalized_1ec6D_M202.pdb,4.534,0.0051036023102845,0.447,0.5,,0.433,10.138,80.35,0.243,0.738,0.4,0.65,0.9,1.0,0.727,-1689.43,60721.0,-0.028,,0.324,1.428,0.112,-6655.752,-1739.044,-164.10358,0.538,0.243
normalized_1ec6D_M227.pdb,4.556,0.0052837939528511,0.125,,,0.167,36.445,85.31,0.142,0.613,0.2,0.45,0.8,1.0,0.715,-742.652,58112.0,-0.013,,0.391,1.612,0.092,-5854.593,-1616.411,-163.50519,0.507,0.138
normalized_1ec6D_M498.pdb,4.558,0.0053029843562333,0.306,0.354,,0.333,14.886,81.34,0.224,0.65,0.35,0.5,0.75,1.0,0.734,-1177.33,58532.0,-0.02,,0.38,1.47,0.056,-6506.59,-1627.761,-145.91232,0.515,0.25
normalized_1ec6D_M358.pdb,4.568,0.0053907887762232,0.289,0.5,,0.289,15.824,79.04,0.203,0.713,0.3,0.65,0.9,1.0,0.678,-978.949,58159.0,-0.017,,0.34,1.574,0.073,-6719.72,-1673.325,-155.75246,0.506,0.204
normalized_1ec6D_M209.pdb,4.572,0.0054219796999919,0.375,,,0.5,12.191,81.55,0.194,0.725,0.35,0.7,0.85,1.0,0.763,-1775.0,61565.0,-0.029,,0.341,1.406,0.107,-7018.836,-1774.399,-160.03552,0.481,0.193
normalized_1ec6D_M216.pdb,4.572,0.0054246217211843,0.144,,,0.204,31.676,69.5,0.188,0.7,0.25,0.6,0.95,1.0,0.756,-1046.17,58655.0,-0.018,,0.344,1.387,0.08,-6007.78,-1635.602,-158.3735,0.431,0.187
normalized_1ec6D_M234.pdb,4.585,0.0055361884409895,0.125,0.354,,0.0,36.679,76.88,0.14,0.613,0.35,0.4,0.7,1.0,0.738,-1933.09,62011.0,-0.031,,0.428,1.51,0.126,-6981.649,-1681.119,-143.79153,0.555,0.135
normalized_1ec6D_M238.pdb,4.601,0.0056774777456639,0.125,,,0.167,36.806,68.53,0.211,0.65,0.35,0.5,0.75,1.0,0.769,-677.603,58680.0,-0.012,,0.422,1.443,0.12,-6421.403,-1562.538,-157.3087,0.539,0.213
normalized_1ec6D_M196.pdb,4.61,0.0057655886362069,0.417,0.577,,0.433,11.065,67.58,0.248,0.75,0.5,0.7,0.8,1.0,0.762,-2184.65,61679.0,-0.035,,0.396,1.188,0.111,-7361.221,-1942.386,-136.81946,0.614,0.248
normalized_1ec6D_M183.pdb,4.61,0.005765227165266,0.177,0.5,,0.0,26.081,71.02,0.163,0.65,0.25,0.5,0.85,1.0,0.795,-1575.81,61800.0,-0.025,,0.373,1.466,0.093,-6878.821,-1909.325,-162.65132,0.569,0.146
normalized_1ec6D_M144.pdb,4.612,0.0057794862882162,0.53,1.0,,0.289,8.696,68.69,0.273,0.787,0.55,0.75,0.85,1.0,0.803,-3116.23,62224.0,-0.05,,0.357,1.267,0.214,-7724.111,-2173.128,-162.52544,0.615,0.272
normalized_1ec6D_M357.pdb,4.619,0.0058480341426661,0.335,0.5,,0.333,13.773,78.29,0.144,0.6,0.2,0.4,0.8,1.0,0.719,-1534.76,61280.0,-0.025,,0.4,1.392,0.124,-7019.754,-1716.256,-171.33475,0.546,0.157
normalized_1ec6D_M230.pdb,4.621,0.0058600937958508,0.25,0.0,,0.333,18.483,80.43,0.148,0.637,0.25,0.5,0.8,1.0,0.744,-1415.64,57086.0,-0.025,,0.402,1.415,0.158,-6466.285,-1516.1,-148.0643,0.534,0.152
normalized_1ec6D_M242.pdb,4.632,0.0059645392780589,0.224,0.5,,0.204,20.715,82.12,0.161,0.662,0.25,0.5,0.9,1.0,0.735,-1382.46,63871.0,-0.022,,0.368,1.389,0.106,-7219.498,-1668.928,-166.30463,0.56,0.15
normalized_1ec6D_M283.pdb,4.634,0.0059869970880869,0.375,0.707,,0.204,12.358,74.96,0.183,0.7,0.25,0.6,0.95,1.0,0.731,-1597.44,61449.0,-0.026,,0.312,1.265,0.123,-7259.512,-1732.956,-160.13522,0.552,0.182
normalized_1ec6D_M277.pdb,4.655,0.006183444428605,0.144,,,0.204,32.25,75.39,0.186,0.7,0.3,0.55,0.95,1.0,0.748,-2626.27,55157.0,-0.048,,0.358,1.255,0.08,-6457.655,-1630.967,-137.60016,0.542,0.184
normalized_1ec6D_M353.pdb,4.657,0.0062021780889425,0.354,,,0.408,13.171,82.57,0.144,0.675,0.3,0.5,0.9,1.0,0.739,-801.944,61299.0,-0.013,,0.332,1.457,0.062,-6392.073,-1569.019,-133.21095,0.519,0.144
normalized_1ec6D_M244.pdb,4.658,0.0062096552551441,0.5,0.707,,0.516,9.315,76.0,0.179,0.637,0.25,0.6,0.7,1.0,0.757,-1245.82,63334.0,-0.02,,0.4,1.424,0.178,-7073.796,-1717.249,-151.5895,0.569,0.178
normalized_1ec6D_M364.pdb,4.661,0.0062470345630373,0.354,0.5,,0.289,13.184,72.42,0.149,0.625,0.25,0.4,0.85,1.0,0.71,-494.92,58159.0,-0.009,,0.391,1.362,0.098,-6205.598,-1501.885,-149.47975,0.523,0.159
normalized_1ec6D_M311.pdb,4.665,0.0062814871371258,0.289,0.5,,0.204,16.16,87.04,0.135,0.675,0.2,0.55,0.95,1.0,0.705,-727.863,61590.0,-0.012,,0.355,1.564,0.08,-6341.151,-1596.836,-150.64888,0.517,0.13
normalized_1ec6D_M393.pdb,4.706,0.0066963665982663,0.102,,,0.144,46.108,73.32,0.118,0.6,0.2,0.45,0.75,1.0,0.608,-88.953,56797.0,-0.002,,0.438,1.535,0.063,-5632.824,-1408.489,-151.32901,0.476,0.109
normalized_1ec6D_M217.pdb,4.713,0.0067725269129528,0.378,0.707,,0.289,12.47,82.14,0.196,0.738,0.3,0.7,0.95,1.0,0.816,-1583.27,62174.0,-0.025,,0.319,1.361,0.104,-6819.869,-1964.993,-152.07166,0.49,0.195
normalized_1ec6D_M190.pdb,4.716,0.0068041982522185,0.375,0.354,,0.408,12.577,67.21,0.168,0.625,0.25,0.5,0.75,1.0,0.781,-1080.73,60902.0,-0.018,,0.433,1.581,0.089,-6842.155,-2013.453,-155.62492,0.56,0.168
normalized_1ec6D_M232.pdb,4.726,0.0069048543357906,0.25,,,0.289,18.903,79.48,0.2,0.662,0.3,0.5,0.85,1.0,0.752,-1409.96,59365.0,-0.024,,0.371,1.493,0.086,-6421.52,-1713.046,-155.72293,0.511,0.199
normalized_1ec6D_M188.pdb,4.728,0.0069301451961374,0.283,0.707,,0.144,16.679,71.59,0.156,0.688,0.3,0.55,0.9,1.0,0.707,-1436.56,60396.0,-0.024,,0.337,1.513,0.063,-6827.098,-1809.415,-157.938,0.553,0.143
normalized_1ec6D_M343.pdb,4.736,0.0070165639327263,0.125,0.5,,0.0,37.888,77.71,0.152,0.675,0.2,0.55,0.95,1.0,0.712,-603.612,57792.0,-0.01,,0.332,1.382,0.069,-6241.111,-1632.06,-156.3745,0.508,0.148
normalized_1ec6D_M331.pdb,4.757,0.0072501080402695,0.375,0.5,,0.333,12.686,83.96,0.183,0.7,0.25,0.65,0.9,1.0,0.781,-188.765,61584.0,-0.003,,0.347,1.485,0.079,-6543.899,-1445.255,-147.40585,0.42,0.167
normalized_1ec6D_M275.pdb,4.766,0.0073428740310111,0.144,,,0.289,33.017,77.15,0.13,0.662,0.2,0.55,0.9,1.0,0.695,-509.973,58227.0,-0.009,,0.376,1.547,0.083,-5935.219,-1610.064,-150.46815,0.363,0.149
normalized_1ec6D_M482.pdb,4.766,0.0073509756310423,0.0,,,0.0,inf,71.13,0.13,0.662,0.25,0.5,0.9,1.0,0.674,525.247,59262.0,0.009,,0.357,1.626,0.037,-5538.061,-1448.486,-166.19861,0.481,0.126
normalized_1ec6D_M431.pdb,4.77,0.0073974402992065,0.144,,,0.167,33.05,85.76,0.202,0.713,0.4,0.55,0.9,1.0,0.704,-98.061,57408.0,-0.002,,0.341,1.728,0.062,-5732.878,-1500.811,-169.03894,0.485,0.218
normalized_1ec6D_M469.pdb,4.772,0.0074146603682534,0.306,0.5,,0.258,15.585,83.53,0.175,0.637,0.3,0.45,0.8,1.0,0.743,-605.64,59496.0,-0.01,,0.401,1.577,0.104,-6735.149,-1533.252,-167.30098,0.51,0.174
normalized_1ec6D_M363.pdb,4.799,0.007732841151343,0.25,0.5,,,19.197,73.43,0.142,0.688,0.25,0.6,0.9,1.0,0.721,310.766,58349.0,0.005,,0.364,1.58,0.057,-6159.877,-1460.274,-167.3385,0.494,0.142
normalized_1ec6D_M296.pdb,4.8,0.0077381634622698,0.144,0.5,,0.0,33.253,74.18,0.255,0.725,0.35,0.65,0.9,1.0,0.684,-1094.71,57992.0,-0.019,,0.343,1.595,0.071,-6034.976,-1728.649,-157.94704,0.493,0.234
normalized_1ec6D_M298.pdb,4.801,0.007755888616459,0.0,,,0.0,inf,75.2,0.171,0.65,0.25,0.5,0.85,1.0,0.697,-390.933,52751.0,-0.007,,0.355,1.714,0.056,-5336.685,-1369.965,-143.18845,0.447,0.201
normalized_1ec6D_M252.pdb,4.824,0.0080292306916359,0.335,0.5,,0.333,14.382,81.2,0.176,0.662,0.25,0.55,0.85,1.0,0.744,-1994.33,60760.0,-0.033,,0.373,1.308,0.124,-7114.687,-1855.904,-162.27711,0.543,0.173
normalized_1ec6D_M215.pdb,4.827,0.008072017007831,0.612,0.707,,0.577,7.883,53.18,0.226,0.738,0.3,0.75,0.9,1.0,0.763,-1555.85,63290.0,-0.025,,0.36,1.098,0.148,-7185.138,-1716.381,-165.50455,0.574,0.221
normalized_1ec6D_M295.pdb,4.827,0.0080667886110744,0.378,0.707,,0.258,12.771,70.56,0.179,0.662,0.25,0.55,0.85,1.0,0.765,-2307.25,61997.0,-0.037,,0.37,1.278,0.143,-7522.052,-1956.517,-167.7754,0.578,0.17
normalized_1ec6D_M389.pdb,4.832,0.0081264655048182,0.25,0.5,,0.204,19.327,70.24,0.163,0.613,0.2,0.5,0.75,1.0,0.713,-54.621,58451.0,-0.001,,0.425,1.531,0.074,-6334.53,-1670.504,-150.86504,0.477,0.188
normalized_1ec6D_M251.pdb,4.832,0.0081256288560774,0.289,,,0.408,16.738,75.06,0.198,0.713,0.25,0.65,0.95,1.0,0.749,-1214.93,57637.0,-0.021,,0.344,1.651,0.073,-6512.103,-1809.816,-148.27216,0.536,0.198
normalized_1ec6D_M451.pdb,4.846,0.0083067463487526,0.112,0.5,,0.0,43.347,71.82,0.195,0.7,0.3,0.6,0.9,1.0,0.665,-815.913,56632.0,-0.014,,0.368,1.608,0.056,-6176.655,-1437.005,-166.61406,0.509,0.195
normalized_1ec6D_M381.pdb,4.856,0.008434812876235,0.25,0.707,,0.0,19.426,76.36,0.141,0.625,0.3,0.45,0.75,1.0,0.68,-658.832,62139.0,-0.011,,0.408,1.381,0.098,-6684.604,-1724.883,-172.44365,0.524,0.148
normalized_1ec6D_M225.pdb,4.857,0.0084470150010527,0.177,0.0,,0.289,27.477,70.82,0.162,0.625,0.25,0.5,0.75,1.0,0.715,-1430.54,60717.0,-0.024,,0.41,1.424,0.119,-7133.15,-1759.709,-144.10576,0.553,0.153
normalized_1ec6D_M263.pdb,4.86,0.008484335191235,0.354,,,0.408,13.747,63.13,0.176,0.637,0.25,0.55,0.75,1.0,0.769,-1263.64,61894.0,-0.02,,0.396,1.347,0.109,-6814.857,-1599.715,-159.16281,0.537,0.166
normalized_1ec6D_M395.pdb,4.862,0.0085013907196649,0.375,0.5,,0.408,12.964,69.09,0.151,0.625,0.2,0.45,0.85,1.0,0.744,-1194.23,59706.0,-0.02,,0.377,1.263,0.104,-6124.542,-1762.464,-159.17761,0.532,0.151
normalized_1ec6D_M305.pdb,4.866,0.0085562303529663,0.189,0.354,,0.204,25.748,73.06,0.141,0.65,0.2,0.55,0.85,1.0,0.708,-1635.11,57493.0,-0.028,,0.398,1.596,0.094,-6243.335,-1931.508,-159.32793,0.515,0.13
normalized_1ec6D_M300.pdb,4.867,0.0085755511354392,0.144,,,0.167,33.722,72.1,0.129,0.625,0.2,0.55,0.75,1.0,0.639,-464.657,60630.0,-0.008,,0.416,1.427,0.072,-6249.88,-1565.137,-159.01064,0.416,0.128
normalized_1ec6D_M226.pdb,4.895,0.0089430358410911,0.177,,,0.204,27.692,72.42,0.153,0.637,0.2,0.45,0.9,1.0,0.693,-463.105,57555.0,-0.008,,0.335,1.567,0.067,-5830.36,-1553.747,-178.38702,0.479,0.152
normalized_1ec6D_M248.pdb,4.905,0.0090776803688219,0.144,,,0.289,33.984,85.16,0.173,0.637,0.3,0.45,0.8,1.0,0.735,-624.877,60466.0,-0.01,,0.393,1.478,0.055,-6542.658,-1813.408,-165.2913,0.54,0.157
normalized_1ec6D_M220.pdb,4.909,0.0091335393307217,0.447,0.707,,0.333,10.978,71.09,0.199,0.65,0.3,0.55,0.75,1.0,0.728,-897.866,60376.0,-0.015,,0.423,1.17,0.112,-6515.385,-1634.609,-160.47604,0.547,0.167
normalized_1ec6D_M328.pdb,4.911,0.0091502390287294,0.144,,,0.204,34.021,74.5,0.147,0.688,0.25,0.6,0.9,1.0,0.684,-812.479,60293.0,-0.013,,0.341,1.631,0.066,-5988.536,-1229.901,-159.33243,0.49,0.145
normalized_1ec6D_M174.pdb,4.912,0.0091753281492872,0.354,,,0.408,13.894,74.43,0.197,0.7,0.35,0.6,0.85,1.0,0.728,-2340.1,61678.0,-0.038,,0.353,1.522,0.122,-7120.876,-1815.275,-170.34361,0.544,0.196
normalized_1ec6D_M212.pdb,4.928,0.0093927818551665,0.0,,,,inf,77.41,0.138,0.575,0.25,0.4,0.7,0.95,0.727,-939.931,63089.0,-0.015,,0.47,1.658,0.067,-7006.084,-1705.211,-156.09212,0.522,0.124
normalized_1ec6D_M350.pdb,4.934,0.0094807903390436,0.0,0.0,,,inf,84.6,0.189,0.637,0.3,0.5,0.75,1.0,0.744,-388.374,59891.0,-0.006,,0.429,1.511,0.11,-6591.379,-1732.692,-144.27829,0.447,0.188
normalized_1ec6D_M375.pdb,4.952,0.0097399837860562,0.0,,,0.0,inf,72.28,0.184,0.613,0.2,0.45,0.8,1.0,0.727,-220.113,60615.0,-0.004,,0.397,1.599,0.08,-6530.214,-1633.577,-162.8253,0.497,0.176
normalized_1ec6D_M243.pdb,4.966,0.0099398292400844,0.204,0.5,,0.167,24.329,80.99,0.137,0.562,0.2,0.35,0.7,1.0,0.751,-1910.02,61804.0,-0.031,,0.44,1.66,0.127,-7369.033,-1749.829,-175.42554,0.519,0.135
normalized_1ec6D_M465.pdb,4.968,0.0099707132960706,0.51,0.5,,0.577,9.736,80.18,0.173,0.662,0.25,0.5,0.9,1.0,0.658,-1815.3,61573.0,-0.029,,0.354,1.225,0.13,-6784.64,-1753.768,-164.553,0.51,0.192
normalized_1ec6D_M427.pdb,4.975,0.0100791785604137,0.472,0.5,,0.516,10.531,80.66,0.178,0.637,0.25,0.6,0.7,1.0,0.766,-2336.97,60329.0,-0.039,,0.442,1.277,0.132,-7100.703,-1876.123,-135.08598,0.54,0.177
normalized_1ec6D_M265.pdb,4.976,0.0100872075472778,0.224,0.5,,0.167,22.253,77.85,0.154,0.662,0.25,0.55,0.9,0.95,0.713,-687.825,58015.0,-0.012,,0.397,1.576,0.103,-5955.606,-1332.569,-164.79974,0.493,0.166
normalized_1ec6D_M307.pdb,4.999,0.0104402179671582,0.447,0.707,,0.333,11.179,72.25,0.203,0.7,0.35,0.6,0.85,1.0,0.716,-1444.48,58690.0,-0.025,,0.334,1.27,0.148,-6518.098,-1666.515,-155.72855,0.497,0.215
normalized_1ec6D_M380.pdb,5.004,0.0105093613896531,0.0,,,0.0,inf,85.41,0.143,0.575,0.2,0.4,0.7,1.0,0.685,-551.766,63506.0,-0.009,,0.465,1.641,0.068,-6469.089,-1366.001,-152.40474,0.511,0.163
normalized_1ec6D_M420.pdb,5.019,0.0107513880034674,0.408,0.5,,0.5,12.295,82.0,0.136,0.625,0.2,0.45,0.85,1.0,0.666,-2109.21,57406.0,-0.037,,0.375,1.5,0.121,-6550.766,-1787.674,-143.38635,0.473,0.135
normalized_1ec6D_M308.pdb,5.044,0.0111397976424932,0.0,,,0.0,inf,84.08,0.213,0.65,0.3,0.55,0.75,1.0,0.719,-376.783,57489.0,-0.007,,0.415,1.648,0.062,-5910.799,-1591.375,-169.82431,0.501,0.207
normalized_1ec6D_M472.pdb,5.067,0.0115218348033609,0.289,0.5,,0.204,17.552,76.77,0.134,0.625,0.2,0.4,0.9,1.0,0.657,432.643,60135.0,0.007,,0.42,1.453,0.037,-5804.559,-1484.66,-149.87846,0.485,0.167
normalized_1ec6D_M327.pdb,5.071,0.0116016298259991,0.354,0.5,,0.289,14.344,80.81,0.12,0.625,0.2,0.45,0.85,1.0,0.703,200.148,62764.0,0.003,,0.438,1.501,0.023,-6205.0,-1733.186,-157.12009,0.492,0.131
normalized_1ec6D_M362.pdb,5.071,0.0115981931912529,0.289,0.5,,0.289,17.567,62.93,0.146,0.65,0.3,0.5,0.8,1.0,0.725,-893.05,63569.0,-0.014,,0.396,1.579,0.078,-6519.038,-1536.898,-158.21835,0.536,0.151
normalized_1ec6D_M335.pdb,5.086,0.0118412138361257,0.177,,,0.289,28.768,74.98,0.17,0.625,0.25,0.55,0.7,1.0,0.691,-213.292,62367.0,-0.003,,0.457,1.594,0.076,-6550.259,-1379.182,-162.50177,0.499,0.165
normalized_1ec6D_M258.pdb,5.094,0.0119792123703018,0.375,0.5,,0.408,13.583,69.28,0.174,0.637,0.3,0.5,0.8,0.95,0.734,-1261.02,59189.0,-0.021,,0.456,1.312,0.084,-6496.043,-1658.846,-159.42625,0.539,0.151
normalized_1ec6D_M388.pdb,5.097,0.0120398965096013,0.125,0.354,,0.0,40.776,77.71,0.148,0.588,0.2,0.4,0.75,1.0,0.689,-496.397,61236.0,-0.008,,0.423,1.598,0.12,-6404.999,-1712.893,-169.30997,0.494,0.143
normalized_1ec6D_M422.pdb,5.098,0.0120512221273208,0.335,0.5,,0.333,15.198,69.57,0.172,0.65,0.25,0.6,0.75,1.0,0.701,-716.76,62732.0,-0.011,,0.447,1.47,0.079,-6741.304,-1615.732,-170.55014,0.546,0.172
normalized_1ec6D_M473.pdb,5.104,0.0121608427777504,0.177,0.5,,,28.872,79.94,0.15,0.613,0.25,0.45,0.75,1.0,0.659,656.762,58540.0,0.011,,0.473,1.63,0.085,-5605.511,-1442.062,-169.01863,0.45,0.15
normalized_1ec6D_M402.pdb,5.12,0.0124509801477499,0.0,,,0.0,inf,80.65,0.128,0.562,0.2,0.4,0.65,1.0,0.701,-644.421,56017.0,-0.012,,0.427,1.552,0.073,-6088.775,-1593.057,-150.9537,0.483,0.126
normalized_1ec6D_M161.pdb,5.125,0.0125325328844436,0.177,,,0.204,28.991,70.8,0.16,0.613,0.25,0.5,0.7,1.0,0.655,-1705.05,59877.0,-0.028,,0.445,1.458,0.028,-6664.277,-1695.191,-147.48668,0.523,0.154
normalized_1ec6D_M250.pdb,5.126,0.0125530023412644,0.408,0.707,,0.289,12.556,74.42,0.157,0.625,0.25,0.4,0.85,1.0,0.742,-941.451,59575.0,-0.016,,0.414,1.361,0.091,-6385.888,-1522.828,-150.95384,0.413,0.138
normalized_1ec6D_M206.pdb,5.148,0.0129549602944166,0.289,,,0.333,17.833,80.03,0.17,0.6,0.25,0.5,0.7,0.95,0.692,-497.72,64724.0,-0.008,,0.45,1.576,0.092,-7046.073,-1323.955,-164.69695,0.532,0.169
normalized_1ec6D_M319.pdb,5.149,0.0129803736413453,0.144,,,0.204,35.676,84.73,0.117,0.588,0.2,0.4,0.75,1.0,0.739,-798.159,63505.0,-0.013,,0.458,1.586,0.057,-6829.509,-1408.48,-165.92441,0.533,0.127
normalized_1ec6D_M352.pdb,5.151,0.0130159966130857,,,,,,78.02,0.158,0.6,0.25,0.45,0.7,1.0,0.645,113.069,61052.0,0.002,,0.451,1.606,0.048,-6092.099,-1461.823,-176.45511,0.467,0.157
normalized_1ec6D_M289.pdb,5.155,0.0130827679822051,0.0,,,0.0,inf,80.91,0.151,0.6,0.2,0.45,0.75,1.0,0.698,-466.872,58745.0,-0.008,,0.424,1.702,0.048,-6528.784,-1287.507,-156.54971,0.503,0.159
normalized_1ec6D_M423.pdb,5.156,0.013106869962957,0.177,0.5,,0.0,29.168,72.59,0.132,0.613,0.2,0.45,0.8,1.0,0.726,-257.214,59664.0,-0.004,,0.418,1.449,0.062,-5873.856,-1617.707,-158.83699,0.49,0.146
normalized_1ec6D_M454.pdb,5.169,0.0133512572801921,0.375,0.707,,0.204,13.784,79.6,0.123,0.613,0.2,0.45,0.8,1.0,0.658,-1263.47,60502.0,-0.021,,0.427,1.513,0.081,-6760.267,-1618.837,-158.99805,0.485,0.124
normalized_1ec6D_M219.pdb,5.177,0.0134975916268137,0.354,0.5,,0.289,14.642,76.12,0.167,0.625,0.25,0.55,0.7,1.0,0.754,-929.911,62619.0,-0.015,,0.462,1.315,0.089,-6820.877,-1692.69,-159.22733,0.526,0.166
normalized_1ec6D_M239.pdb,5.179,0.0135350335366477,0.224,0.354,,0.167,23.16,70.99,0.172,0.662,0.35,0.55,0.75,1.0,0.737,-1040.17,63178.0,-0.016,,0.481,1.461,0.083,-7136.234,-1754.175,-162.49725,0.553,0.167
normalized_1ec6D_M314.pdb,5.187,0.0136989929439068,0.472,0.707,,0.387,10.979,80.41,0.121,0.562,0.2,0.35,0.75,0.95,0.746,-1602.22,62112.0,-0.026,,0.46,1.326,0.131,-6737.113,-1827.196,-175.73271,0.544,0.108
normalized_1ec6D_M321.pdb,5.19,0.0137514441120293,0.144,0.5,,0.0,35.956,67.53,0.221,0.713,0.35,0.65,0.85,1.0,0.693,-692.627,63306.0,-0.011,,0.35,1.618,0.074,-7070.419,-1415.585,-151.84683,0.518,0.213
normalized_1ec6D_M428.pdb,5.193,0.0138078517028764,0.125,0.0,,0.289,41.542,78.53,0.163,0.625,0.25,0.55,0.7,1.0,0.68,-1186.3,60200.0,-0.02,,0.429,1.7,0.047,-6576.931,-1699.1,-164.94713,0.51,0.179
normalized_1ec6D_M320.pdb,5.198,0.0139212911387693,0.144,0.5,,0.0,36.016,76.96,0.104,0.625,0.2,0.45,0.85,1.0,0.661,-1320.59,56827.0,-0.023,,0.399,1.653,0.062,-5904.601,-1626.586,-143.07935,0.479,0.149
normalized_1ec6D_M316.pdb,5.2,0.0139573720388562,0.433,0.5,,0.408,12.01,70.13,0.187,0.588,0.25,0.45,0.7,0.95,0.737,-1396.69,60927.0,-0.023,,0.473,1.519,0.056,-6821.127,-1727.221,-168.55829,0.546,0.167
normalized_1ec6D_M236.pdb,5.201,0.0139639857789393,0.335,0.707,,0.167,15.505,68.62,0.168,0.65,0.25,0.55,0.8,1.0,0.72,-851.066,59675.0,-0.014,,0.399,1.34,0.067,-6087.284,-1661.886,-144.00401,0.524,0.146
normalized_1ec6D_M435.pdb,5.201,0.0139756892238744,0.289,0.5,,0.289,18.018,81.37,0.099,0.562,0.15,0.4,0.7,1.0,0.664,1366.11,60826.0,0.022,,0.472,1.548,0.041,-5552.685,-1425.154,-181.34459,0.459,0.141
normalized_1ec6D_M204.pdb,5.202,0.0139880947626861,0.5,0.707,,0.408,10.404,71.1,0.151,0.637,0.3,0.45,0.8,1.0,0.724,-1892.24,61461.0,-0.031,,0.406,1.314,0.201,-7063.594,-1835.529,-152.87344,0.559,0.157
normalized_1ec6D_M301.pdb,5.202,0.0139890618148832,0.354,,,0.408,14.713,67.22,0.202,0.713,0.35,0.6,0.9,1.0,0.767,-2608.82,58635.0,-0.044,,0.366,1.266,0.08,-6887.333,-2014.364,-152.54199,0.538,0.201
normalized_1ec6D_M354.pdb,5.202,0.0139969948729903,0.25,0.5,,0.167,20.809,69.66,0.181,0.625,0.25,0.5,0.75,1.0,0.708,-1643.54,61510.0,-0.027,,0.416,1.354,0.107,-7038.255,-1548.878,-161.1902,0.547,0.169
normalized_1ec6D_M304.pdb,5.203,0.0140089154400188,0.0,,,0.0,inf,86.74,0.149,0.637,0.25,0.5,0.8,1.0,0.674,-1175.49,54333.0,-0.022,,0.411,1.519,0.074,-5855.103,-1782.127,-139.15872,0.454,0.166
normalized_1ec6D_M351.pdb,5.224,0.0144325534846731,0.125,,,0.144,41.792,79.24,0.121,0.575,0.2,0.4,0.7,1.0,0.747,773.307,58542.0,0.013,,0.496,1.569,0.074,-5611.622,-1275.358,-172.42616,0.477,0.128
normalized_1ec6D_M443.pdb,5.227,0.0144944930973444,0.378,0.75,,0.167,13.829,75.85,0.147,0.613,0.2,0.5,0.75,1.0,0.709,-1034.04,63254.0,-0.016,,0.436,1.405,0.145,-6997.126,-1772.015,-168.7973,0.54,0.114
normalized_1ec6D_M237.pdb,5.231,0.0145836927760389,0.25,0.5,,0.204,20.926,76.72,0.172,0.65,0.3,0.55,0.75,1.0,0.704,-735.477,63128.0,-0.012,,0.452,1.603,0.051,-6901.121,-1744.061,-173.08311,0.525,0.167
normalized_1ec6D_M398.pdb,5.232,0.0145910975846572,0.189,0.5,,0.204,27.684,80.75,0.203,0.688,0.3,0.6,0.85,1.0,0.723,-349.88,61582.0,-0.006,,0.382,1.464,0.045,-6430.683,-1821.179,-155.3289,0.508,0.203
normalized_1ec6D_M272.pdb,5.241,0.0147865984717819,0.094,,,0.129,55.468,75.87,0.146,0.6,0.2,0.5,0.7,1.0,0.753,-1209.5,64133.0,-0.019,,0.5,1.419,0.048,-7249.563,-1746.709,-179.00014,0.467,0.163
normalized_1ec6D_M268.pdb,5.249,0.0149386495074803,0.25,0.5,,0.167,20.994,72.55,0.153,0.588,0.3,0.45,0.6,1.0,0.687,-532.816,60569.0,-0.009,,0.487,1.578,0.051,-6390.427,-1532.037,-157.04533,0.496,0.166
normalized_1ec6D_M412.pdb,5.25,0.0149613519890705,0.306,0.707,,0.144,17.145,79.8,0.16,0.637,0.25,0.45,0.85,1.0,0.706,-1159.04,55329.0,-0.021,,0.371,1.571,0.099,-5562.468,-1583.202,-149.60829,0.461,0.152
normalized_1ec6D_M429.pdb,5.272,0.0154457843350587,0.177,0.5,,,29.825,79.33,0.13,0.6,0.2,0.4,0.8,1.0,0.631,1153.72,58523.0,0.02,,0.435,1.541,0.05,-5166.108,-1149.205,-182.27809,0.434,0.148
normalized_1ec6D_M208.pdb,5.277,0.0155415181728731,0.204,0.5,,0.144,25.851,74.16,0.188,0.65,0.3,0.55,0.75,1.0,0.786,-1702.65,64967.0,-0.026,,0.452,1.424,0.235,-6990.203,-1821.762,-166.4833,0.576,0.188
normalized_1ec6D_M426.pdb,5.295,0.0159339825651457,0.177,,,0.204,29.951,81.27,0.122,0.588,0.2,0.45,0.75,0.95,0.664,460.719,61405.0,0.008,,0.466,1.582,0.085,-6391.931,-1434.138,-170.6334,0.475,0.117
normalized_1ec6D_M397.pdb,5.318,0.0164661100584685,0.112,0.0,,0.204,47.569,78.55,0.11,0.562,0.2,0.45,0.65,0.95,0.728,751.232,64135.0,0.012,,0.517,1.564,0.079,-6056.183,-1260.091,-197.51723,0.478,0.117
normalized_1ec6D_M181.pdb,5.33,0.0167323525309093,0.306,,,0.5,17.408,74.27,0.194,0.738,0.35,0.75,0.85,1.0,0.791,-1745.79,63783.0,-0.027,,0.383,1.55,0.036,-6900.967,-1780.132,-163.21375,0.572,0.193
normalized_1ec6D_M189.pdb,5.33,0.0167342426480379,0.583,0.866,,0.516,9.137,80.0,0.182,0.675,0.35,0.55,0.8,1.0,0.796,-1842.53,61444.0,-0.03,,0.396,1.124,0.12,-6930.422,-1575.023,-181.40785,0.559,0.175
normalized_1ec6D_M442.pdb,5.34,0.0169638677102625,0.204,0.5,,0.144,26.16,78.31,0.138,0.562,0.2,0.45,0.6,1.0,0.663,-455.316,62543.0,-0.007,,0.474,1.504,0.13,-6456.176,-1555.76,-163.82938,0.497,0.134
normalized_1ec6D_M266.pdb,5.357,0.0173558062304191,0.375,0.5,,0.408,14.284,79.25,0.229,0.688,0.35,0.65,0.8,0.95,0.702,-750.187,61238.0,-0.012,,0.399,1.538,0.078,-6429.917,-1681.91,-147.20767,0.544,0.22
normalized_1ec6D_M415.pdb,5.365,0.0175540919494742,0.0,,,0.0,inf,75.0,0.109,0.562,0.2,0.4,0.65,1.0,0.664,1066.68,62065.0,0.017,,0.502,1.649,0.073,-5873.641,-961.672,-175.53065,0.459,0.146
normalized_1ec6D_M313.pdb,5.374,0.0177787680683711,0.0,,,0.0,inf,83.39,0.159,0.625,0.2,0.45,0.85,1.0,0.617,-422.303,63108.0,-0.007,,0.4,1.702,0.083,-6319.426,-1646.666,-147.63605,0.49,0.138
normalized_1ec6D_M403.pdb,5.384,0.0180316348284232,0.289,0.5,,0.204,18.652,74.23,0.131,0.575,0.25,0.35,0.7,1.0,0.739,-194.781,64708.0,-0.003,,0.491,1.434,0.097,-6648.23,-1629.886,-171.65384,0.519,0.162
normalized_1ec6D_M274.pdb,5.384,0.0180300934193731,0.25,0.5,,0.204,21.537,81.58,0.151,0.613,0.25,0.5,0.75,0.95,0.727,43.5,64880.0,0.001,,0.483,1.677,0.121,-6616.586,-1635.954,-186.71214,0.526,0.15
normalized_1ec6D_M115.pdb,5.386,0.0180779091899521,0.442,0.707,,0.387,12.188,69.4,0.183,0.675,0.35,0.6,0.75,1.0,0.791,-2885.35,63846.0,-0.045,,0.439,1.182,0.114,-7666.521,-1894.277,-154.85828,0.626,0.182
normalized_1ec6D_M355.pdb,5.396,0.0183096520607217,0.354,,,0.408,15.261,76.78,0.154,0.625,0.3,0.5,0.7,1.0,0.687,-688.767,60948.0,-0.011,,0.438,1.493,0.064,-6906.199,-1456.251,-172.73953,0.514,0.153
normalized_1ec6D_M284.pdb,5.399,0.0183919470309192,0.144,,,0.167,37.405,81.02,0.136,0.613,0.25,0.5,0.75,0.95,0.692,-520.12,64900.0,-0.008,,0.44,1.673,0.073,-6886.51,-1670.157,-168.83784,0.515,0.135
normalized_1ec6D_M231.pdb,5.405,0.0185345180303765,0.408,0.354,,0.433,13.238,76.62,0.172,0.625,0.25,0.5,0.75,1.0,0.73,-1999.96,65159.0,-0.031,,0.431,1.341,0.175,-7579.765,-1759.968,-158.73294,0.585,0.143
normalized_1ec6D_M271.pdb,5.41,0.0186794892018709,0.306,0.707,,0.204,17.67,71.01,0.208,0.637,0.3,0.55,0.7,1.0,0.716,-962.559,62672.0,-0.015,,0.451,1.285,0.058,-6820.619,-1631.288,-158.932,0.514,0.202
normalized_1ec6D_M449.pdb,5.413,0.0187544367004626,0.0,,,0.0,inf,82.17,0.142,0.588,0.2,0.5,0.65,1.0,0.673,1296.44,61560.0,0.021,,0.485,1.657,0.041,-5726.784,-1326.338,-176.80634,0.451,0.122
normalized_1ec6D_M336.pdb,5.414,0.018776269279155,0.0,,,0.0,inf,82.1,0.11,0.562,0.2,0.4,0.65,1.0,0.705,295.674,60168.0,0.005,,0.474,1.574,0.161,-5946.722,-1472.058,-136.81203,0.471,0.138
normalized_1ec6D_M384.pdb,5.419,0.0189052159723078,0.0,,,,inf,87.82,0.128,0.6,0.25,0.4,0.75,1.0,0.624,331.541,60675.0,0.005,,0.422,1.721,0.007,-5823.248,-1467.539,-177.32082,0.441,0.129
normalized_1ec6D_M282.pdb,5.425,0.0190476282834693,0.408,0.707,,0.333,13.288,71.03,0.126,0.6,0.2,0.5,0.75,0.95,0.736,-180.7,63421.0,-0.003,,0.458,1.49,0.134,-6946.234,-1587.693,-185.9698,0.521,0.125
normalized_1ec6D_M432.pdb,5.426,0.0190733810788179,0.447,0.5,,0.433,12.132,72.57,0.128,0.6,0.2,0.55,0.7,0.95,0.732,-317.994,66262.0,-0.005,,0.481,1.324,0.15,-6639.228,-1342.582,-172.6883,0.55,0.126
normalized_1ec6D_M413.pdb,5.444,0.0195511640879042,0.25,,,0.289,21.776,71.24,0.141,0.562,0.25,0.4,0.65,0.95,0.708,-538.186,62926.0,-0.009,,0.502,1.304,0.138,-6902.401,-1738.796,-173.3722,0.535,0.175
normalized_1ec6D_M345.pdb,5.446,0.0196118312816218,0.204,0.707,,0.0,26.681,78.05,0.128,0.625,0.2,0.5,0.8,1.0,0.697,-875.403,59379.0,-0.015,,0.393,1.588,0.103,-6410.796,-1679.53,-155.47554,0.492,0.132
normalized_1ec6D_M450.pdb,5.448,0.0196655009724084,0.0,0.0,,0.0,inf,85.39,0.154,0.588,0.25,0.45,0.65,1.0,0.734,-1299.0,61793.0,-0.021,,0.45,1.729,0.05,-6677.131,-1768.52,-148.79845,0.524,0.151
normalized_1ec6D_M309.pdb,5.453,0.0198016404890117,0.289,0.5,,0.204,18.891,77.61,0.129,0.625,0.2,0.5,0.8,1.0,0.725,-212.761,62444.0,-0.003,,0.413,1.428,0.061,-6247.82,-1707.652,-157.69095,0.514,0.128
normalized_1ec6D_M297.pdb,5.453,0.0197893728717058,0.335,0.707,,0.289,16.258,73.59,0.126,0.562,0.2,0.4,0.7,0.95,0.712,-911.058,63730.0,-0.014,,0.48,1.323,0.092,-7143.5,-1621.304,-169.93765,0.525,0.12
normalized_1ec6D_M279.pdb,5.453,0.0197828074657142,0.335,0.5,,0.289,16.257,86.05,0.162,0.637,0.25,0.55,0.75,1.0,0.75,-582.754,64589.0,-0.009,,0.456,1.402,0.14,-6952.893,-1468.958,-173.39365,0.532,0.16
normalized_1ec6D_M419.pdb,5.459,0.019946585049684,0.144,0.5,,0.0,37.82,82.65,0.14,0.6,0.25,0.5,0.65,1.0,0.708,109.998,64239.0,0.002,,0.5,1.478,0.065,-6605.816,-1427.606,-182.28998,0.504,0.136
normalized_1ec6D_M485.pdb,5.483,0.0206073988638975,0.289,0.5,,0.204,18.994,75.5,0.141,0.6,0.2,0.45,0.8,0.95,0.72,-185.443,60583.0,-0.003,,0.427,1.419,0.093,-5971.682,-1504.4,-154.83565,0.486,0.141
normalized_1ec6D_M447.pdb,5.488,0.0207464178132188,0.0,,,0.0,inf,86.84,0.154,0.55,0.2,0.35,0.7,0.95,0.666,-388.361,59676.0,-0.007,,0.504,1.543,0.035,-5876.777,-1487.7,-157.30273,0.466,0.099
normalized_1ec6D_M386.pdb,5.501,0.0211070706757214,0.112,,,0.144,49.203,76.49,0.143,0.6,0.25,0.5,0.7,0.95,0.618,422.996,60682.0,0.007,,0.461,1.698,0.06,-5964.837,-1252.032,-170.20003,0.457,0.172
normalized_1ec6D_M280.pdb,5.501,0.0211004787297124,0.442,0.577,,0.433,12.447,75.03,0.2,0.688,0.35,0.6,0.8,1.0,0.768,-2458.92,62603.0,-0.039,,0.421,1.281,0.155,-7305.926,-1803.852,-152.5554,0.565,0.199
normalized_1ec6D_M342.pdb,5.511,0.0213835010926405,0.306,0.707,,0.167,17.998,75.07,0.136,0.6,0.2,0.5,0.75,0.95,0.744,-1515.14,64757.0,-0.023,,0.462,1.561,0.142,-7335.42,-1515.174,-178.73346,0.535,0.128
normalized_1ec6D_M430.pdb,5.514,0.0214733460542131,0.0,0.0,,,inf,74.58,0.112,0.575,0.2,0.35,0.75,1.0,0.675,-526.451,60069.0,-0.009,,0.44,1.72,0.022,-6473.981,-1461.91,-148.81978,0.485,0.122
normalized_1ec6D_M424.pdb,5.523,0.021731572401161,0.25,0.5,,,22.092,81.3,0.136,0.55,0.2,0.35,0.65,1.0,0.669,-21.711,63318.0,-0.0,,0.473,1.532,0.067,-6822.673,-983.198,-186.32555,0.504,0.128
normalized_1ec6D_M253.pdb,5.524,0.0217746323938053,0.447,0.5,,0.433,12.353,79.03,0.142,0.588,0.25,0.45,0.75,0.9,0.769,-464.381,63530.0,-0.007,,0.525,1.556,0.059,-6872.119,-1581.082,-148.75758,0.527,0.1
normalized_1ec6D_M192.pdb,5.531,0.0219600370382704,0.25,0.5,,0.289,22.123,84.38,0.157,0.588,0.2,0.5,0.7,0.95,0.732,-234.178,62826.0,-0.004,,0.445,1.409,0.111,-6710.708,-1790.626,-165.07278,0.538,0.143
normalized_1ec6D_M371.pdb,5.532,0.0220035814187474,0.0,0.0,,0.0,inf,76.04,0.138,0.588,0.2,0.35,0.8,1.0,0.59,-555.379,60896.0,-0.009,,0.445,1.663,0.061,-6055.865,-1401.432,-166.18112,0.451,0.196
normalized_1ec6D_M344.pdb,5.541,0.0222693974995138,0.112,,,0.144,49.564,74.63,0.142,0.6,0.25,0.45,0.7,1.0,0.71,-359.999,59566.0,-0.006,,0.436,1.613,0.122,-6153.05,-1567.231,-161.12888,0.482,0.162
normalized_1ec6D_M360.pdb,5.578,0.023383817370524,0.177,,,0.289,31.557,80.59,0.167,0.588,0.2,0.45,0.7,1.0,0.727,-349.073,59111.0,-0.006,,0.454,1.6,0.089,-6183.911,-1779.93,-150.12015,0.497,0.169
normalized_1ec6D_M479.pdb,5.58,0.0234298051401515,0.354,0.5,,0.289,15.783,77.97,0.138,0.588,0.15,0.4,0.85,0.95,0.711,55.399,66243.0,0.001,,0.416,1.585,0.034,-6873.901,-1561.163,-167.70055,0.5,0.115
normalized_1ec6D_M444.pdb,5.582,0.0234880231178506,0.5,0.707,,0.408,11.164,74.38,0.113,0.6,0.2,0.45,0.75,1.0,0.716,-8.458,64559.0,-0.0,,0.463,1.618,0.103,-6813.494,-1437.386,-171.62292,0.509,0.144
normalized_1ec6D_M457.pdb,5.592,0.0237933404489782,0.177,,,0.204,31.632,85.67,0.132,0.575,0.2,0.4,0.75,0.95,0.619,-557.328,59644.0,-0.009,,0.457,1.734,0.045,-5969.954,-1362.939,-158.1189,0.475,0.175
normalized_1ec6D_M373.pdb,5.592,0.0238092886738564,0.224,,,0.408,25.009,76.34,0.15,0.625,0.2,0.5,0.85,0.95,0.668,111.126,61663.0,0.002,,0.45,1.622,0.087,-5863.865,-1481.762,-164.27275,0.496,0.138
normalized_1ec6D_M332.pdb,5.593,0.0238235389329405,0.289,0.5,,0.204,19.374,86.61,0.125,0.588,0.2,0.45,0.7,1.0,0.667,-354.501,61239.0,-0.006,,0.416,1.68,0.1,-6039.339,-1466.929,-156.35095,0.459,0.124
normalized_1ec6D_M453.pdb,5.595,0.0238895568662093,0.25,0.5,,0.204,22.379,76.96,0.141,0.6,0.2,0.5,0.7,1.0,0.697,-1047.87,61742.0,-0.017,,0.445,1.425,0.074,-6827.352,-1637.032,-164.59642,0.509,0.14
normalized_1ec6D_M372.pdb,5.599,0.0240238590151001,0.354,0.5,,0.289,15.837,81.83,0.139,0.512,0.15,0.3,0.6,1.0,0.681,1341.44,64186.0,0.021,,0.5,1.557,0.058,-6003.355,-1434.308,-176.26772,0.464,0.111
normalized_1ec6D_M455.pdb,5.604,0.0241848152634319,0.25,0.5,,0.204,22.417,73.7,0.189,0.662,0.3,0.55,0.8,1.0,0.719,-1843.38,63222.0,-0.029,,0.41,1.49,0.085,-7204.779,-1814.975,-159.49414,0.546,0.19
normalized_1ec6D_M394.pdb,5.606,0.0242408621145805,0.144,,,0.204,38.839,83.73,0.114,0.55,0.2,0.4,0.7,0.9,0.684,274.118,59137.0,0.005,,0.54,1.508,0.045,-5812.471,-1262.768,-178.43925,0.485,0.112
normalized_1ec6D_M399.pdb,5.611,0.0243861796506265,0.189,0.5,,0.167,29.688,78.99,0.131,0.562,0.25,0.45,0.7,0.85,0.647,-227.372,60851.0,-0.004,,0.548,1.737,0.105,-6744.78,-1286.845,-170.33394,0.495,0.153
normalized_1ec6D_M249.pdb,5.613,0.0244665754557726,0.25,,,0.289,22.452,76.35,0.171,0.675,0.3,0.55,0.85,1.0,0.691,-638.079,61254.0,-0.01,,0.39,1.507,0.094,-6487.663,-1675.221,-156.10422,0.514,0.171
normalized_1ec6D_M366.pdb,5.614,0.024483072250816,0.177,,,0.204,31.755,72.99,0.131,0.55,0.2,0.4,0.65,0.95,0.663,-399.084,60361.0,-0.007,,0.497,1.556,0.041,-6331.86,-1327.526,-174.64789,0.478,0.131
normalized_1ec6D_M462.pdb,5.614,0.0244841200764267,0.177,,,0.204,31.755,78.29,0.207,0.613,0.3,0.45,0.75,0.95,0.657,-1096.65,57299.0,-0.019,,0.456,1.455,0.062,-5775.788,-1339.211,-140.25366,0.484,0.207
normalized_1ec6D_M459.pdb,5.622,0.0247517429969937,0.177,,,0.289,31.803,74.15,0.133,0.55,0.2,0.5,0.65,0.85,0.701,-956.166,61098.0,-0.016,,0.554,1.437,0.064,-6418.319,-1733.48,-150.83801,0.459,0.135
normalized_1ec6D_M341.pdb,5.628,0.0249323453108601,0.335,0.5,,0.289,16.778,79.02,0.158,0.6,0.25,0.45,0.7,1.0,0.681,-579.149,60865.0,-0.01,,0.449,1.49,0.099,-6442.716,-1451.851,-143.46898,0.511,0.13
normalized_1ec6D_M446.pdb,5.637,0.0252296789859401,0.177,0.5,,0.0,31.886,75.27,0.123,0.588,0.2,0.45,0.75,0.95,0.687,-474.724,59740.0,-0.008,,0.479,1.777,0.079,-6210.584,-1421.83,-161.04924,0.454,0.151
normalized_1ec6D_M484.pdb,5.641,0.0253816448411293,0.0,,,0.0,inf,77.13,0.127,0.588,0.2,0.4,0.8,0.95,0.665,-468.448,51811.0,-0.009,,0.497,1.563,0.034,-5061.306,-1406.859,-135.25893,0.403,0.123
normalized_1ec6D_M404.pdb,5.646,0.0255490920370409,0.289,0.5,,0.204,19.56,78.14,0.137,0.588,0.25,0.4,0.7,1.0,0.758,-914.409,60173.0,-0.015,,0.475,1.45,0.111,-6352.969,-1756.777,-147.10233,0.531,0.142
normalized_1ec6D_M348.pdb,5.663,0.0260890974654663,0.0,,,,inf,83.01,0.171,0.625,0.3,0.5,0.7,1.0,0.716,259.721,60733.0,0.004,,0.504,1.576,0.075,-6197.896,-1425.587,-181.61563,0.499,0.169
normalized_1ec6D_M312.pdb,5.671,0.0263799060112725,0.447,0.707,,0.408,12.681,73.1,0.154,0.575,0.25,0.4,0.65,1.0,0.724,-2087.74,64621.0,-0.032,,0.483,1.408,0.119,-7349.436,-1966.835,-167.05731,0.544,0.155
normalized_1ec6D_M492.pdb,5.682,0.0267613381812377,0.0,,,0.0,inf,77.48,0.125,0.537,0.25,0.35,0.55,1.0,0.643,-393.429,58920.0,-0.007,,0.498,1.645,0.084,-5656.038,-1072.926,-168.87611,0.414,0.164
normalized_1ec6D_M458.pdb,5.694,0.0271659468753423,0.125,0.354,,0.0,45.553,88.44,0.15,0.637,0.25,0.6,0.7,1.0,0.673,-566.104,60068.0,-0.009,,0.462,1.568,0.055,-6652.156,-1649.791,-158.17825,0.466,0.156
normalized_1ec6D_M474.pdb,5.694,0.0271488721542583,0.204,0.5,,0.129,27.893,76.71,0.12,0.575,0.25,0.4,0.75,0.9,0.662,-709.052,63031.0,-0.011,,0.497,1.599,0.108,-6929.189,-1612.994,-159.84007,0.494,0.089
normalized_1ec6D_M411.pdb,5.723,0.0281748576253799,0.0,,,,inf,80.96,0.135,0.575,0.2,0.45,0.65,1.0,0.617,1022.23,62802.0,0.016,,0.47,1.605,0.064,-5742.805,-1282.905,-191.4799,0.425,0.135
normalized_1ec6D_M254.pdb,5.741,0.0288489221030394,0.144,0.5,,0.0,39.776,82.19,0.161,0.562,0.2,0.35,0.7,1.0,0.659,-65.859,57439.0,-0.001,,0.463,1.708,0.081,-5843.95,-1500.635,-181.69281,0.445,0.134
normalized_1ec6D_M149.pdb,5.748,0.0291141506201202,0.51,0.5,,0.516,11.265,67.98,0.169,0.613,0.25,0.5,0.7,1.0,0.759,-2031.01,57638.0,-0.035,,0.418,1.144,0.143,-6276.81,-1720.425,-130.61507,0.538,0.154
normalized_1ec6D_M267.pdb,5.763,0.02967028591962,0.335,0.5,,0.289,17.183,62.22,0.112,0.562,0.2,0.4,0.65,1.0,0.739,-944.657,62206.0,-0.015,,0.479,1.434,0.09,-6748.674,-1644.873,-170.90012,0.485,0.13
normalized_1ec6D_M326.pdb,5.766,0.029756326935949,0.433,,,0.5,13.315,71.57,0.149,0.625,0.25,0.5,0.75,1.0,0.69,-333.287,62917.0,-0.005,,0.489,1.444,0.057,-6801.212,-1922.525,-168.1157,0.497,0.149
normalized_1ec6D_M487.pdb,5.767,0.0298046175143363,0.0,,,0.0,inf,70.24,0.109,0.55,0.2,0.3,0.7,1.0,0.659,-27.751,57953.0,-0.0,,0.448,1.589,0.061,-5892.634,-1391.014,-172.90904,0.454,0.17
normalized_1ec6D_M495.pdb,5.77,0.02991110364523,0.224,0.5,,0.144,25.803,73.89,0.116,0.525,0.15,0.4,0.65,0.9,0.649,-421.881,54234.0,-0.008,,0.513,1.508,0.047,-5867.998,-1314.731,-145.2303,0.435,0.145
normalized_1ec6D_M374.pdb,5.777,0.0301919681501641,0.289,0.354,,0.289,20.013,75.98,0.154,0.575,0.25,0.45,0.65,0.95,0.705,173.693,60442.0,0.003,,0.494,1.498,0.082,-5988.081,-1197.679,-179.19388,0.467,0.153
normalized_1ec6D_M491.pdb,5.781,0.0303307998823258,0.125,,,0.167,46.247,78.74,0.127,0.562,0.25,0.4,0.65,0.95,0.696,-861.935,59567.0,-0.014,,0.525,1.527,0.072,-6551.833,-1510.181,-150.76526,0.493,0.146
normalized_1ec6D_M452.pdb,5.782,0.03039174583966,0.144,,,0.204,40.062,84.96,0.157,0.588,0.25,0.45,0.65,1.0,0.659,81.797,60811.0,0.001,,0.496,1.413,0.053,-6148.35,-1248.681,-173.35971,0.463,0.182
normalized_1ec6D_M464.pdb,5.786,0.0305281452155635,0.125,0.0,,0.204,46.288,78.01,0.143,0.55,0.25,0.35,0.6,1.0,0.692,-365.617,64268.0,-0.006,,0.527,1.538,0.061,-6902.891,-1583.823,-173.6684,0.496,0.179
normalized_1ec6D_M338.pdb,5.803,0.0311754823405381,0.177,,,0.204,32.825,74.82,0.207,0.6,0.35,0.45,0.6,1.0,0.704,-469.896,61157.0,-0.008,,0.497,1.561,0.083,-6416.751,-1483.545,-169.7048,0.507,0.207
normalized_1ec6D_M488.pdb,5.819,0.0318335332526246,0.354,0.5,,0.289,16.46,82.98,0.146,0.637,0.2,0.6,0.8,0.95,0.724,561.904,63263.0,0.009,,0.439,1.584,0.092,-6474.825,-1436.569,-159.28796,0.49,0.145
normalized_1ec6D_M433.pdb,5.824,0.0319969779175298,0.447,0.707,,0.333,13.022,78.86,0.155,0.562,0.2,0.35,0.7,1.0,0.701,-64.187,67464.0,-0.001,,0.48,1.42,0.117,-7042.967,-1496.764,-181.03162,0.497,0.158
normalized_1ec6D_M377.pdb,5.836,0.0324770190236785,0.125,0.354,,0.0,46.684,83.97,0.122,0.525,0.15,0.35,0.65,0.95,0.707,-141.899,57063.0,-0.002,,0.53,1.597,0.027,-5712.191,-1430.025,-153.89261,0.451,0.141
normalized_1ec6D_M198.pdb,5.838,0.0325743033223728,0.306,0.577,,0.167,19.067,78.85,0.146,0.537,0.2,0.4,0.65,0.9,0.701,-500.626,65364.0,-0.008,,0.513,1.51,0.066,-7229.451,-1774.598,-154.1927,0.436,0.147
normalized_1ec6D_M293.pdb,5.841,0.0327051484330993,0.125,,,0.289,46.73,76.69,0.168,0.6,0.25,0.45,0.7,1.0,0.68,-800.68,58164.0,-0.014,,0.509,1.755,0.053,-6269.725,-1491.606,-148.20413,0.471,0.15
normalized_1ec6D_M370.pdb,5.855,0.0332896169931233,0.0,,,0.0,inf,81.46,0.141,0.562,0.2,0.45,0.65,0.95,0.659,-411.488,59287.0,-0.007,,0.52,1.597,0.12,-6046.546,-1335.243,-147.95131,0.457,0.14
normalized_1ec6D_M288.pdb,5.876,0.0341533443408948,0.354,0.5,,0.289,16.62,80.48,0.164,0.575,0.2,0.5,0.7,0.9,0.713,-103.182,61424.0,-0.002,,0.58,1.381,0.097,-6275.098,-1447.244,-163.02417,0.527,0.165
normalized_1ec6D_M490.pdb,5.953,0.0375124620178159,0.177,,,0.289,33.675,84.34,0.139,0.588,0.2,0.5,0.75,0.9,0.658,-1410.21,59934.0,-0.024,,0.534,1.645,0.056,-6618.635,-1669.592,-142.44722,0.477,0.15
normalized_1ec6D_M392.pdb,5.972,0.038372340413238,0.224,0.354,,0.167,26.707,72.43,0.131,0.575,0.25,0.4,0.7,0.95,0.691,385.438,63276.0,0.006,,0.536,1.423,0.06,-6125.596,-1231.253,-165.95135,0.401,0.112
normalized_1ec6D_M407.pdb,5.976,0.0385452337249897,0.447,0.5,,0.433,13.362,76.53,0.136,0.575,0.25,0.4,0.7,0.95,0.696,-333.093,63468.0,-0.005,,0.476,1.498,0.044,-6509.965,-1432.254,-165.4597,0.489,0.137
normalized_1ec6D_M390.pdb,5.987,0.0390994391903287,0.5,0.5,,0.5,11.975,79.64,0.128,0.562,0.2,0.4,0.65,1.0,0.718,-112.083,62192.0,-0.002,,0.527,1.308,0.142,-6205.431,-1634.589,-166.9267,0.487,0.129
normalized_1ec6D_M405.pdb,5.995,0.039460697941427,0.0,,,,inf,77.22,0.122,0.55,0.2,0.4,0.65,0.95,0.654,910.705,65360.0,0.014,,0.501,1.648,0.039,-6087.529,-1518.284,-181.14777,0.372,0.124
normalized_1ec6D_M421.pdb,6.012,0.0402904600021664,0.112,,,0.167,53.777,75.76,0.129,0.537,0.2,0.4,0.65,0.9,0.671,-886.106,62865.0,-0.014,,0.536,1.521,0.091,-7093.219,-1486.292,-168.75307,0.508,0.128
normalized_1ec6D_M262.pdb,6.022,0.0407575368835589,0.289,,,0.333,20.861,80.96,0.115,0.575,0.15,0.45,0.75,0.95,0.674,868.951,64167.0,0.014,,0.489,1.488,0.02,-6498.398,-1619.836,-167.59688,0.51,0.106
normalized_1ec6D_M322.pdb,6.028,0.0410445889125971,0.335,,,0.387,17.972,76.52,0.134,0.575,0.2,0.45,0.7,0.95,0.693,524.425,64905.0,0.008,,0.499,1.548,0.075,-6493.472,-1259.175,-172.53223,0.507,0.124
normalized_1ec6D_M287.pdb,6.049,0.0421081010414701,0.144,0.5,,0.0,41.912,64.96,0.129,0.55,0.25,0.4,0.6,0.95,0.696,-860.215,59511.0,-0.014,,0.494,1.581,0.046,-6427.303,-1762.287,-154.27415,0.479,0.135
normalized_1ec6D_M299.pdb,6.057,0.0424876567940179,0.102,,,0.204,59.347,77.71,0.144,0.575,0.2,0.4,0.7,1.0,0.76,-660.225,64070.0,-0.01,,0.501,1.454,0.106,-6688.745,-1157.791,-167.23314,0.486,0.119
normalized_1ec6D_M285.pdb,6.065,0.0429006835160125,0.204,0.577,,0.0,29.713,76.86,0.126,0.5,0.2,0.35,0.55,0.9,0.7,269.835,64172.0,0.004,,0.583,1.392,0.113,-6446.707,-1519.681,-153.94339,0.495,0.145
normalized_1ec6D_M499.pdb,6.065,0.0428873629610353,0.0,,,,inf,72.74,0.159,0.588,0.2,0.45,0.75,0.95,0.635,-651.548,53975.0,-0.012,,0.506,1.619,0.051,-5771.142,-1554.158,-151.22714,0.44,0.127
normalized_1ec6D_M494.pdb,6.07,0.0431476338266236,0.0,,,,inf,74.64,0.115,0.537,0.25,0.3,0.65,0.95,0.633,561.592,59944.0,0.009,,0.51,1.712,0.021,-5334.009,-1281.13,-174.46994,0.432,0.152
normalized_1ec6D_M417.pdb,6.101,0.0447377075819834,0.5,0.5,,0.5,12.202,74.33,0.116,0.55,0.15,0.45,0.6,1.0,0.688,-794.046,63748.0,-0.012,,0.497,1.406,0.087,-6703.17,-1517.102,-158.7466,0.494,0.123
normalized_1ec6D_M439.pdb,6.109,0.0451645321327756,0.25,0.354,,0.204,24.436,75.88,0.116,0.575,0.2,0.5,0.7,0.9,0.711,-625.625,59689.0,-0.01,,0.55,1.405,0.068,-6133.701,-1635.846,-169.00862,0.492,0.161
normalized_1ec6D_M409.pdb,6.118,0.0456602789327372,0.125,,,0.167,48.947,82.07,0.112,0.512,0.2,0.35,0.55,0.95,0.7,761.426,65418.0,0.012,,0.54,1.709,0.067,-6425.387,-1435.863,-179.00272,0.482,0.123
normalized_1ec6D_M286.pdb,6.147,0.0471860676932553,0.204,0.5,,0.167,30.112,78.21,0.131,0.575,0.25,0.4,0.7,0.95,0.637,97.004,62647.0,0.002,,0.504,1.726,0.099,-5839.301,-1422.646,-164.80841,0.449,0.13
normalized_1ec6D_M278.pdb,6.149,0.047322237418483,0.306,0.707,,0.167,20.083,68.48,0.159,0.562,0.25,0.45,0.65,0.9,0.717,-1411.64,66312.0,-0.021,,0.525,1.402,0.142,-7340.623,-1848.545,-172.70357,0.529,0.142
normalized_1ec6D_M434.pdb,6.154,0.0476089689832191,0.112,,,0.167,55.046,76.18,0.135,0.562,0.2,0.4,0.65,1.0,0.651,31.02,60077.0,0.001,,0.544,1.564,0.035,-5686.301,-1125.068,-180.38516,0.466,0.158
normalized_1ec6D_M436.pdb,6.155,0.0476208952929138,0.144,,,0.289,42.64,73.38,0.139,0.562,0.2,0.4,0.7,0.95,0.642,762.527,62453.0,0.012,,0.499,1.636,0.06,-5975.916,-1429.781,-170.03656,0.452,0.132
normalized_1ec6D_M270.pdb,6.158,0.0478093726834518,0.144,0.5,,0.0,42.663,76.65,0.142,0.537,0.25,0.4,0.65,0.85,0.667,-606.066,63673.0,-0.01,,0.581,1.468,0.053,-6892.758,-1631.979,-192.3014,0.514,0.142
normalized_1ec6D_M401.pdb,6.163,0.0480893925798409,0.144,,,0.167,42.698,74.12,0.114,0.463,0.15,0.25,0.5,0.95,0.645,1532.52,63849.0,0.024,,0.6,1.676,0.067,-5647.087,-1150.628,-199.24722,0.444,0.104
normalized_1ec6D_M493.pdb,6.18,0.0490281443531029,0.144,0.0,,0.289,42.815,79.69,0.168,0.55,0.25,0.4,0.65,0.9,0.71,-1013.46,61680.0,-0.016,,0.577,1.535,0.101,-6627.504,-1462.602,-165.37509,0.517,0.196
normalized_1ec6D_M329.pdb,6.197,0.0500357136038186,0.144,0.5,,0.0,42.937,80.03,0.175,0.575,0.3,0.45,0.6,0.95,0.683,-465.634,63048.0,-0.007,,0.51,1.6,0.091,-6464.252,-1798.812,-153.67189,0.504,0.171
normalized_1ec6D_M461.pdb,6.2,0.0501770103463879,0.177,0.0,,0.289,35.072,74.64,0.139,0.512,0.2,0.3,0.65,0.9,0.668,150.766,57179.0,0.003,,0.566,1.676,0.047,-6006.222,-1285.529,-174.32011,0.459,0.137
normalized_1ec6D_M391.pdb,6.2,0.050195685157623,0.25,0.5,,0.204,24.801,79.41,0.1,0.512,0.15,0.35,0.65,0.9,0.683,537.171,59976.0,0.009,,0.552,1.793,0.068,-5678.242,-853.08,-177.10051,0.431,0.114
normalized_1ec6D_M460.pdb,6.207,0.0505725815825208,0.144,0.5,,0.0,43.002,83.09,0.095,0.5,0.2,0.3,0.6,0.9,0.699,416.895,62381.0,0.007,,0.567,1.505,0.092,-6201.428,-1358.383,-170.80978,0.483,0.154
normalized_1ec6D_M361.pdb,6.208,0.0506170244976129,0.0,,,0.0,inf,83.24,0.163,0.525,0.2,0.35,0.65,0.9,0.647,146.434,61207.0,0.002,,0.544,1.773,0.035,-6112.842,-1485.861,-174.29199,0.447,0.163
normalized_1ec6D_M325.pdb,6.23,0.0519328722400208,0.433,0.707,,0.289,14.388,77.46,0.122,0.512,0.2,0.4,0.6,0.85,0.672,-337.088,62094.0,-0.005,,0.569,1.613,0.096,-6644.494,-1672.807,-154.27594,0.502,0.124
normalized_1ec6D_M468.pdb,6.251,0.0531833413131048,0.144,,,0.289,43.309,83.79,0.102,0.512,0.2,0.35,0.65,0.85,0.587,783.882,63269.0,0.012,,0.558,1.64,0.077,-5722.706,-1482.602,-158.35338,0.431,0.137
normalized_1ec6D_M334.pdb,6.268,0.0541871120842022,0.306,0.5,,0.333,20.47,84.2,0.114,0.55,0.2,0.4,0.65,0.95,0.689,-648.794,63320.0,-0.01,,0.51,1.464,0.085,-6258.627,-1696.623,-167.30388,0.491,0.133
normalized_1ec6D_M408.pdb,6.293,0.0557539047540537,0.125,0.5,,0.0,50.344,72.5,0.14,0.575,0.25,0.45,0.7,0.9,0.662,-1460.68,61243.0,-0.024,,0.534,1.694,0.069,-7030.601,-1547.921,-147.62152,0.485,0.17
normalized_1ec6D_M410.pdb,6.298,0.0560930780659088,0.306,0.5,,0.333,20.57,74.42,0.141,0.512,0.2,0.35,0.6,0.9,0.718,-767.97,59377.0,-0.013,,0.561,1.49,0.084,-6463.602,-1407.292,-166.30525,0.475,0.141
normalized_1ec6D_M476.pdb,6.325,0.0578070351095292,0.125,0.5,,0.0,50.603,78.86,0.19,0.537,0.25,0.35,0.65,0.9,0.702,-470.39,58334.0,-0.008,,0.626,1.476,0.062,-6101.53,-1291.109,-164.91171,0.475,0.164
normalized_1ec6D_M385.pdb,6.328,0.0579836565358192,0.125,0.354,,0.0,50.625,82.8,0.137,0.562,0.25,0.4,0.65,0.95,0.711,-426.98,60273.0,-0.007,,0.589,1.6,0.08,-6471.52,-1708.625,-150.61049,0.468,0.153
normalized_1ec6D_M324.pdb,6.332,0.0582642277572861,0.375,0.707,,0.289,16.887,75.23,0.165,0.613,0.3,0.5,0.7,0.95,0.747,-1867.13,63013.0,-0.03,,0.523,1.381,0.14,-7279.806,-1918.958,-154.74554,0.533,0.177
normalized_1ec6D_M437.pdb,6.354,0.059659536059504,0.289,0.5,,0.204,22.01,71.63,0.144,0.55,0.2,0.4,0.7,0.9,0.789,867.073,63273.0,0.014,,0.544,1.556,0.082,-5990.822,-1461.758,-165.4696,0.488,0.144
normalized_1ec6D_M273.pdb,6.361,0.0601606192237903,0.177,,,0.204,35.986,68.35,0.165,0.562,0.3,0.4,0.6,0.95,0.669,109.209,61211.0,0.002,,0.586,1.614,0.046,-6071.2,-1572.324,-165.43108,0.464,0.128
normalized_1ec6D_M441.pdb,6.374,0.0610110165031833,0.0,,,0.0,inf,85.69,0.091,0.512,0.15,0.4,0.6,0.9,0.639,210.48,63317.0,0.003,,0.597,1.771,0.088,-5996.473,-1279.184,-166.62953,0.448,0.115
normalized_1ec6D_M310.pdb,6.375,0.0610582984050716,0.177,,,0.204,36.062,78.38,0.101,0.525,0.15,0.35,0.7,0.9,0.71,97.902,60379.0,0.002,,0.62,1.574,0.089,-5892.838,-1331.049,-172.52849,0.453,0.095
normalized_1ec6D_M323.pdb,6.377,0.061170527336925,0.0,,,0.0,inf,76.56,0.146,0.525,0.2,0.4,0.55,0.95,0.723,1019.09,59165.0,0.017,,0.628,1.631,0.06,-5386.514,-1005.356,-161.99484,0.455,0.136
normalized_1ec6D_M383.pdb,6.397,0.0625599956169902,,,,,,73.03,0.165,0.588,0.25,0.45,0.7,0.95,0.681,-601.497,55142.0,-0.011,,0.551,1.547,0.039,-5544.52,-1514.406,-145.30418,0.426,0.179
normalized_1ec6D_M245.pdb,6.4,0.0627300040764811,0.375,0.707,,0.289,17.065,71.18,0.117,0.512,0.2,0.35,0.65,0.85,0.708,1118.63,65556.0,0.017,,0.64,1.638,0.066,-5887.324,-1496.88,-178.21025,0.511,0.156
normalized_1ec6D_M356.pdb,6.409,0.0633572475345075,0.289,0.5,,0.289,22.2,71.67,0.112,0.5,0.2,0.4,0.5,0.9,0.694,508.092,62466.0,0.008,,0.578,1.706,0.061,-6466.859,-1466.483,-182.2881,0.349,0.117
normalized_1ec6D_M303.pdb,6.42,0.0641423446050973,0.0,,,,inf,79.08,0.132,0.512,0.2,0.3,0.6,0.95,0.703,-228.978,58554.0,-0.004,,0.572,1.562,0.068,-6056.263,-1486.952,-149.66542,0.349,0.103
normalized_1ec6D_M400.pdb,6.436,0.0652821151909409,,,,,,76.59,0.114,0.525,0.2,0.35,0.6,0.95,0.662,-292.132,64746.0,-0.005,,0.62,1.631,0.133,-6576.575,-1703.842,-165.12234,0.474,0.119
normalized_1ec6D_M347.pdb,6.444,0.0658181009474354,0.375,0.5,,0.333,17.183,77.95,0.164,0.525,0.2,0.4,0.55,0.95,0.748,702.93,65667.0,0.011,,0.6,1.501,0.049,-6259.366,-1594.519,-183.96927,0.487,0.131
normalized_1ec6D_M478.pdb,6.458,0.0668312770774301,0.144,,,0.289,44.742,80.25,0.163,0.55,0.3,0.35,0.6,0.95,0.679,-1023.15,58610.0,-0.017,,0.567,1.6,0.064,-6274.57,-1811.198,-156.90857,0.46,0.162
normalized_1ec6D_M440.pdb,6.465,0.0673074854980346,0.25,,,0.408,25.858,77.47,0.13,0.525,0.2,0.3,0.6,1.0,0.683,-241.07,61065.0,-0.004,,0.572,1.602,0.065,-6210.789,-1492.003,-160.01863,0.471,0.149
normalized_1ec6D_M368.pdb,6.526,0.0718591517154041,0.177,,,0.289,36.916,83.45,0.125,0.537,0.2,0.45,0.55,0.95,0.723,-345.78,60139.0,-0.006,,0.559,1.547,0.098,-6335.741,-1558.979,-175.88982,0.487,0.15
normalized_1ec6D_M500.pdb,6.529,0.0720863064209109,0.177,0.5,,0.0,36.933,79.25,0.148,0.55,0.2,0.45,0.55,1.0,0.634,372.278,59201.0,0.006,,0.524,1.392,0.03,-5504.821,-1412.646,-174.31627,0.43,0.15
normalized_1ec6D_M467.pdb,6.529,0.0721255371121143,0.0,,,0.0,inf,75.12,0.129,0.55,0.25,0.45,0.55,0.95,0.662,672.296,57131.0,0.012,,0.592,1.636,0.012,-5505.347,-1370.85,-173.36385,0.423,0.139
normalized_1ec6D_M369.pdb,6.581,0.0761400520281651,0.0,,,0.0,inf,75.0,0.146,0.537,0.2,0.4,0.65,0.9,0.642,-310.575,64108.0,-0.005,,0.557,1.681,0.092,-6470.778,-1332.732,-166.49977,0.467,0.134
normalized_1ec6D_M378.pdb,6.61,0.0784820845798172,0.289,,,0.333,22.898,72.25,0.141,0.525,0.2,0.35,0.65,0.9,0.647,29.848,60520.0,0.0,,0.6,1.555,0.104,-5923.739,-1643.571,-157.94957,0.468,0.129
normalized_1ec6D_M367.pdb,6.637,0.080720619169151,0.204,0.5,,0.167,32.515,71.3,0.113,0.512,0.2,0.4,0.55,0.9,0.618,691.342,60995.0,0.011,,0.588,1.477,0.077,-5496.001,-1502.847,-185.16013,0.361,0.101
normalized_1ec6D_M466.pdb,6.64,0.0809815371567307,0.25,,,0.333,26.561,68.41,0.091,0.487,0.15,0.3,0.55,0.95,0.653,29.287,65547.0,0.0,,0.563,1.712,0.086,-6656.988,-1526.167,-162.3277,0.447,0.103
normalized_1ec6D_M330.pdb,6.724,0.0882138315740236,0.125,,,0.289,53.794,80.02,0.155,0.562,0.3,0.45,0.55,0.95,0.676,-245.363,59354.0,-0.004,,0.555,1.649,0.036,-6053.604,-1829.25,-156.29839,0.453,0.141
normalized_1ec6D_M463.pdb,6.728,0.0885375172702753,0.144,,,0.204,46.612,77.05,0.1,0.487,0.2,0.3,0.55,0.9,0.655,593.71,66350.0,0.009,,0.634,1.674,0.073,-6529.499,-1559.51,-182.24715,0.453,0.144
normalized_1ec6D_M379.pdb,6.766,0.0919807694209082,0.224,,,0.289,30.259,74.58,0.163,0.475,0.25,0.3,0.5,0.85,0.691,-572.406,62587.0,-0.009,,0.626,1.62,0.073,-6203.532,-1413.446,-161.11365,0.467,0.166
normalized_1ec6D_M438.pdb,6.775,0.0928463048963702,0.289,0.354,,0.289,23.471,70.29,0.175,0.512,0.25,0.4,0.55,0.85,0.658,-659.847,63644.0,-0.01,,0.583,1.503,0.082,-6823.061,-1929.662,-153.59485,0.445,0.166
normalized_1ec6D_M306.pdb,6.802,0.0952930849414361,0.112,0.0,,0.204,60.836,70.96,0.12,0.525,0.2,0.35,0.6,0.95,0.688,-445.692,60442.0,-0.007,,0.644,1.684,0.116,-6587.474,-1645.637,-155.10902,0.452,0.151
normalized_1ec6D_M445.pdb,6.851,0.1000318265662033,0.102,0.354,,0.0,67.127,72.45,0.094,0.487,0.15,0.3,0.6,0.9,0.63,-254.647,60808.0,-0.004,,0.614,1.636,0.064,-6047.882,-1230.517,-160.6638,0.432,0.09
normalized_1ec6D_M497.pdb,6.884,0.1032396832774069,0.354,0.5,,0.289,19.47,80.34,0.124,0.537,0.2,0.45,0.6,0.9,0.667,187.563,64423.0,0.003,,0.624,1.581,0.138,-6701.953,-1508.257,-174.35997,0.474,0.125
normalized_1ec6D_M197.pdb,6.884,0.1032894891491895,0.408,0.707,,0.333,16.863,69.39,0.143,0.537,0.25,0.4,0.65,0.85,0.758,-984.399,64722.0,-0.015,,0.628,1.294,0.146,-7223.027,-1788.618,-154.34717,0.524,0.115
normalized_1ec6D_M496.pdb,6.891,0.1040024098079456,0.25,0.5,,0.204,27.565,73.26,0.12,0.5,0.2,0.35,0.55,0.9,0.711,1503.57,66094.0,0.023,,0.614,1.497,0.076,-6199.245,-1448.68,-186.72125,0.442,0.126
normalized_1ec6D_M349.pdb,6.898,0.1046773916300134,0.0,,,0.0,inf,81.91,0.114,0.5,0.2,0.35,0.55,0.9,0.686,500.874,64202.0,0.008,,0.595,1.54,0.057,-6253.55,-1706.583,-187.75392,0.46,0.138
normalized_1ec6D_M337.pdb,6.941,0.109116487557206,0.375,0.5,,0.333,18.51,71.41,0.119,0.5,0.2,0.5,0.5,0.8,0.769,-98.91,64612.0,-0.002,,0.69,1.371,0.082,-7259.647,-1576.621,-174.86288,0.524,0.119
normalized_1ec6D_M416.pdb,6.95,0.1099792012420012,0.144,,,0.204,48.149,82.56,0.13,0.5,0.2,0.4,0.5,0.9,0.613,492.776,65870.0,0.007,,0.651,1.731,0.08,-6246.328,-1319.711,-185.18309,0.474,0.169
normalized_1ec6D_M448.pdb,6.959,0.1109337943315252,0.335,0.577,,0.204,20.747,79.03,0.157,0.512,0.25,0.35,0.55,0.9,0.645,1074.34,65243.0,0.016,,0.649,1.593,0.085,-6199.145,-1252.933,-195.8496,0.477,0.138
normalized_1ec6D_M456.pdb,7.023,0.1177889995908728,0.0,,,,inf,86.04,0.127,0.475,0.2,0.35,0.55,0.8,0.635,969.933,60509.0,0.016,,0.699,1.667,0.032,-5923.86,-1422.813,-174.41711,0.425,0.138
normalized_1ec6D_M480.pdb,7.068,0.1228039810257228,0.25,0.5,,0.167,28.271,78.52,0.096,0.475,0.15,0.3,0.55,0.9,0.639,-366.81,62317.0,-0.006,,0.63,1.65,0.107,-6534.807,-1340.252,-158.86163,0.461,0.121
normalized_1ec6D_M406.pdb,7.072,0.1233092692982548,0.0,,,0.0,inf,71.01,0.123,0.463,0.25,0.3,0.5,0.8,0.635,1597.35,61231.0,0.026,,0.684,1.586,0.084,-5509.952,-999.9,-205.8977,0.446,0.123
normalized_1ec6D_M257.pdb,7.1,0.1264539371764577,0.0,,,0.0,inf,76.74,0.103,0.487,0.2,0.35,0.6,0.8,0.633,-25.325,65903.0,-0.0,,0.624,1.747,0.042,-6783.877,-1789.582,-176.32884,0.462,0.126
normalized_1ec6D_M483.pdb,7.111,0.1277562500098045,0.0,,,0.0,inf,85.21,0.126,0.463,0.2,0.3,0.5,0.85,0.571,1501.04,58550.0,0.026,,0.64,1.51,0.035,-5010.563,-1108.833,-160.1125,0.314,0.114
normalized_1ec6D_M471.pdb,7.138,0.1309565899339013,0.0,,,,inf,74.38,0.088,0.45,0.15,0.25,0.55,0.85,0.607,1491.55,66304.0,0.022,,0.634,1.814,0.047,-5692.103,-1075.199,-199.09875,0.354,0.09
normalized_1ec6D_M481.pdb,7.163,0.1339677693938504,0.144,,,0.204,49.63,82.31,0.136,0.412,0.15,0.25,0.5,0.75,0.635,449.25,63404.0,0.007,,0.728,1.686,0.079,-6610.226,-1333.183,-173.60881,0.459,0.117
normalized_1ec6D_M359.pdb,7.175,0.1353174093709521,0.354,0.5,,0.289,20.293,78.85,0.108,0.463,0.2,0.3,0.5,0.85,0.613,818.444,68615.0,0.012,,0.69,1.426,0.072,-6734.329,-1663.353,-181.80089,0.453,0.116
normalized_1ec6D_M425.pdb,7.219,0.1407550545525282,0.204,0.5,,0.144,35.366,79.61,0.143,0.475,0.2,0.35,0.6,0.75,0.664,901.583,62180.0,0.014,,0.737,1.698,0.112,-6177.066,-1400.978,-177.20293,0.466,0.187
normalized_1ec6D_M382.pdb,7.228,0.1418067411911627,0.177,,,0.289,40.885,70.61,0.152,0.512,0.3,0.4,0.6,0.75,0.725,-733.079,66173.0,-0.011,,0.694,1.478,0.081,-6982.426,-1935.527,-166.99571,0.492,0.12
normalized_1ec6D_M486.pdb,7.3,0.1510341696779922,0.177,,,0.204,41.295,82.37,0.122,0.512,0.25,0.3,0.65,0.85,0.631,562.67,63649.0,0.009,,0.698,1.506,0.05,-6521.432,-1461.41,-169.08513,0.448,0.147
normalized_1ec6D_M414.pdb,7.363,0.1594332667661461,0.0,,,0.0,inf,83.67,0.158,0.525,0.25,0.4,0.6,0.85,0.704,-805.848,60608.0,-0.013,,0.756,1.487,0.058,-6738.391,-1833.841,-152.60432,0.469,0.181
normalized_1ec6D_M396.pdb,7.655,0.2019844429944106,0.144,0.5,,0.0,53.038,79.2,0.129,0.463,0.15,0.3,0.5,0.9,0.614,2391.69,69822.0,0.034,,0.636,1.668,0.053,-5856.353,-1174.301,-190.13606,0.421,0.11
normalized_1ec6D_M470.pdb,7.667,0.2037340376561104,0.125,,,0.167,61.332,88.54,0.096,0.45,0.2,0.25,0.5,0.85,0.667,458.777,62349.0,0.007,,0.761,1.711,0.065,-6092.608,-1296.123,-174.81715,0.438,0.127
normalized_1ec6D_M489.pdb,8.219,0.3010845568862854,0.0,,,0.0,inf,74.44,0.113,0.463,0.2,0.35,0.55,0.75,0.585,525.854,64657.0,0.008,,0.836,1.79,0.058,-6040.444,-1124.753,-187.58063,0.426,0.09
