,RMSD,P-VALUE,INF-ALL,INF-WC,INF-NWC,INF-STACK,DI,MCQ,TM-SCORE,GDT-TS,GDT-TS@1,GDT-TS@2,GDT-TS@4,GDT-TS@8,CAD,RASP-ENERGY,RASP-NB-CONTACTS,RASP-NORMALIZED-ENERGY,CLASH,BARNABA-RMSD,BARNABA-eRMSD,BARNABA-eSCORE,DFIRE,rsRNASP,lddt,tm-score-ost
normalized_3fu4A.pdb,0.0,1.6237011735142914e-13,1.0,1.0,1.0,1.0,0.0,,1.0,1.0,1.0,1.0,1.0,1.0,1.0,-12223.3,129510.0,-0.094,0.0,0.0,0.0,0.854,-20882.951,-5315.245,1.0,1.0
normalized_3fu4A_M1.pdb,,,0.839,0.745,0.857,0.873,,,0.793,0.862,0.862,0.862,0.862,0.862,0.786,-8031.86,113109.0,-0.071,0.0,,,0.629,-16203.232,-4361.142,0.455,0.793
normalized_3fu4A_M10.pdb,,,0.671,0.5,0.676,0.732,,,0.745,0.862,0.862,0.862,0.862,0.862,0.761,-7705.69,112902.0,-0.068,0.0,,,0.509,-15548.003,-4130.58,0.477,0.745
normalized_3fu4A_M100.pdb,,,0.588,0.667,0.507,0.592,,,0.444,0.776,0.586,0.793,0.862,0.862,0.721,-4279.3,108486.0,-0.039,0.0,,,0.34,-14039.071,-3617.805,0.436,0.444
normalized_3fu4A_M101.pdb,,,0.538,0.471,0.507,0.583,,,0.486,0.81,0.724,0.828,0.828,0.862,0.716,-5063.66,110986.0,-0.046,0.0,,,0.339,-14160.856,-3601.005,0.433,0.486
normalized_3fu4A_M102.pdb,,,0.542,0.5,0.567,0.552,,,0.438,0.802,0.655,0.828,0.862,0.862,0.712,-4765.41,109659.0,-0.043,0.0,,,0.364,-13857.283,-3385.35,0.434,0.438
normalized_3fu4A_M103.pdb,,,0.659,0.745,0.436,0.69,,,0.366,0.784,0.552,0.862,0.862,0.862,0.751,-5848.15,108069.0,-0.054,0.0,,,0.374,-14310.752,-3797.921,0.444,0.366
normalized_3fu4A_M104.pdb,,,0.651,0.745,0.676,0.605,,,0.355,0.767,0.552,0.793,0.862,0.862,0.732,-4489.05,110771.0,-0.041,0.0,,,0.379,-14376.146,-3666.482,0.411,0.355
normalized_3fu4A_M105.pdb,,,0.596,0.745,0.338,0.63,,,0.503,0.81,0.69,0.828,0.862,0.862,0.75,-5910.61,106615.0,-0.055,0.0,,,0.416,-14376.626,-3650.261,0.442,0.503
normalized_3fu4A_M106.pdb,,,0.49,0.667,0.463,0.436,,,0.366,0.767,0.552,0.793,0.862,0.862,0.717,-4404.78,109383.0,-0.04,0.0,,,0.373,-13901.28,-3482.615,0.426,0.366
normalized_3fu4A_M107.pdb,,,0.465,0.5,0.378,0.483,,,0.457,0.802,0.69,0.828,0.828,0.862,0.686,-4184.32,110409.0,-0.038,0.0,,,0.322,-14218.977,-3460.996,0.429,0.456
normalized_3fu4A_M108.pdb,,,0.581,0.667,0.378,0.621,,,0.473,0.793,0.655,0.793,0.862,0.862,0.735,-6071.09,112123.0,-0.054,0.0,,,0.422,-14608.229,-3618.177,0.445,0.473
normalized_3fu4A_M109.pdb,,,0.598,0.667,0.535,0.592,,,0.309,0.741,0.414,0.828,0.862,0.862,0.705,-4087.42,108370.0,-0.038,0.0,,,0.335,-13757.983,-3764.429,0.43,0.309
normalized_3fu4A_M11.pdb,,,0.651,0.667,0.507,0.7,,,0.784,0.862,0.862,0.862,0.862,0.862,0.758,-7612.6,113098.0,-0.067,0.0,,,0.496,-15716.047,-4049.212,0.509,0.784
normalized_3fu4A_M110.pdb,,,0.641,0.667,0.617,0.655,,,0.32,0.767,0.552,0.793,0.862,0.862,0.728,-5164.51,108202.0,-0.048,0.0,,,0.373,-13942.666,-3640.38,0.426,0.32
normalized_3fu4A_M111.pdb,,,0.581,0.577,0.655,0.567,,,0.415,0.793,0.586,0.862,0.862,0.862,0.688,-4778.05,107494.0,-0.044,0.0,,,0.3,-14034.711,-3740.935,0.428,0.415
normalized_3fu4A_M112.pdb,,,0.631,0.745,0.338,0.693,,,0.346,0.733,0.517,0.69,0.862,0.862,0.701,-5175.41,111053.0,-0.047,0.0,,,0.395,-14634.077,-3821.072,0.427,0.347
normalized_3fu4A_M113.pdb,,,0.377,0.577,0.338,0.329,,,0.333,0.75,0.483,0.793,0.862,0.862,0.718,-4393.11,111563.0,-0.039,0.0,,,0.29,-13710.557,-3569.181,0.312,0.333
normalized_3fu4A_M114.pdb,,,0.631,0.745,0.378,0.666,,,0.399,0.81,0.655,0.862,0.862,0.862,0.712,-5040.03,111579.0,-0.045,0.0,,,0.492,-14453.504,-3878.059,0.407,0.399
normalized_3fu4A_M115.pdb,,,0.651,0.745,0.507,0.666,,,0.499,0.819,0.69,0.862,0.862,0.862,0.746,-5725.9,110705.0,-0.052,0.0,,,0.434,-14941.112,-3972.669,0.469,0.499
normalized_3fu4A_M116.pdb,,,0.493,0.471,0.507,0.509,,,0.383,0.767,0.552,0.793,0.862,0.862,0.717,-3582.63,108187.0,-0.033,0.0,,,0.254,-13246.256,-3571.162,0.415,0.383
normalized_3fu4A_M117.pdb,,,0.679,0.745,0.676,0.655,,,0.398,0.793,0.586,0.862,0.862,0.862,0.734,-5730.3,111130.0,-0.052,0.0,,,0.458,-14685.013,-4019.833,0.458,0.398
normalized_3fu4A_M118.pdb,,,0.666,0.745,0.567,0.666,,,0.4,0.767,0.586,0.759,0.862,0.862,0.718,-4907.35,111620.0,-0.044,0.0,,,0.418,-14469.846,-3822.448,0.442,0.4
normalized_3fu4A_M119.pdb,,,0.596,0.667,0.507,0.605,,,0.404,0.776,0.621,0.793,0.828,0.862,0.716,-4935.08,110411.0,-0.045,0.0,,,0.414,-14617.478,-3659.328,0.429,0.404
normalized_3fu4A_M12.pdb,,,0.705,0.667,0.567,0.764,,,0.764,0.853,0.828,0.862,0.862,0.862,0.756,-7630.7,112911.0,-0.068,0.0,,,0.514,-15607.071,-4080.75,0.507,0.764
normalized_3fu4A_M120.pdb,,,0.527,0.577,0.436,0.54,,,0.352,0.776,0.517,0.862,0.862,0.862,0.702,-5115.61,109079.0,-0.047,0.0,,,0.297,-13584.49,-3502.352,0.418,0.352
normalized_3fu4A_M121.pdb,,,0.571,0.471,0.655,0.582,,,0.355,0.741,0.483,0.759,0.862,0.862,0.696,-4178.93,109242.0,-0.038,0.0,,,0.235,-13458.648,-3287.309,0.408,0.355
normalized_3fu4A_M122.pdb,,,0.666,0.577,0.507,0.758,,,0.379,0.784,0.586,0.828,0.862,0.862,0.725,-4573.03,106921.0,-0.043,0.0,,,0.407,-13915.873,-3520.094,0.437,0.379
normalized_3fu4A_M123.pdb,,,0.534,0.667,0.507,0.495,,,0.375,0.75,0.517,0.759,0.862,0.862,0.662,-3424.48,111984.0,-0.031,0.0,,,0.277,-13919.752,-3586.918,0.404,0.375
normalized_3fu4A_M124.pdb,,,0.574,0.745,0.378,0.567,,,0.379,0.759,0.552,0.793,0.828,0.862,0.683,-4448.67,105714.0,-0.042,0.0,,,0.319,-13518.795,-3478.013,0.408,0.379
normalized_3fu4A_M125.pdb,,,0.566,0.745,0.267,0.567,,,0.355,0.767,0.517,0.828,0.862,0.862,0.71,-4981.4,110068.0,-0.045,0.0,,,0.396,-14427.582,-3766.614,0.436,0.355
normalized_3fu4A_M126.pdb,,,0.493,0.577,0.507,0.463,,,0.37,0.784,0.552,0.862,0.862,0.862,0.686,-4734.55,110715.0,-0.043,0.0,,,0.264,-13723.596,-3511.623,0.409,0.37
normalized_3fu4A_M127.pdb,,,0.534,0.577,0.436,0.552,,,0.327,0.724,0.483,0.759,0.793,0.862,0.645,-2577.05,112360.0,-0.023,0.0,,,0.299,-13700.234,-3324.428,0.391,0.326
normalized_3fu4A_M128.pdb,,,0.603,0.745,0.617,0.54,,,0.441,0.784,0.655,0.793,0.828,0.862,0.706,-3874.21,108158.0,-0.036,0.0,,,0.355,-13961.339,-3438.773,0.434,0.441
normalized_3fu4A_M129.pdb,,,0.588,0.745,0.436,0.567,,,0.432,0.793,0.586,0.862,0.862,0.862,0.719,-5901.18,110895.0,-0.053,0.0,,,0.38,-14576.987,-3706.356,0.442,0.433
normalized_3fu4A_M13.pdb,,,0.682,0.667,0.655,0.7,,,0.726,0.862,0.862,0.862,0.862,0.862,0.751,-7156.4,113688.0,-0.063,0.0,,,0.485,-15180.816,-4009.239,0.468,0.726
normalized_3fu4A_M130.pdb,,,0.528,0.667,0.507,0.483,,,0.342,0.75,0.552,0.724,0.862,0.862,0.699,-4398.17,109809.0,-0.04,0.0,,,0.246,-13846.419,-3426.136,0.406,0.342
normalized_3fu4A_M131.pdb,,,0.625,0.667,0.676,0.592,,,0.46,0.802,0.655,0.828,0.862,0.862,0.726,-5125.49,107816.0,-0.048,0.0,,,0.361,-14024.673,-3614.657,0.437,0.46
normalized_3fu4A_M132.pdb,,,0.631,0.745,0.378,0.666,,,0.371,0.776,0.586,0.793,0.862,0.862,0.713,-3995.39,110042.0,-0.036,0.0,,,0.377,-13988.191,-3631.856,0.426,0.371
normalized_3fu4A_M133.pdb,,,0.641,0.745,0.507,0.655,,,0.42,0.802,0.655,0.828,0.862,0.862,0.731,-4877.51,109974.0,-0.044,0.0,,,0.392,-14180.863,-3654.383,0.436,0.42
normalized_3fu4A_M134.pdb,,,0.534,0.577,0.535,0.526,,,0.35,0.759,0.517,0.793,0.862,0.862,0.702,-4147.56,109167.0,-0.038,0.0,,,0.297,-13684.597,-3480.445,0.411,0.35
normalized_3fu4A_M135.pdb,,,0.575,0.745,0.436,0.54,,,0.386,0.776,0.621,0.793,0.828,0.862,0.689,-4379.2,109358.0,-0.04,0.0,,,0.284,-13665.315,-3447.774,0.414,0.385
normalized_3fu4A_M136.pdb,,,0.638,0.745,0.507,0.642,,,0.362,0.776,0.552,0.828,0.862,0.862,0.708,-4812.79,111827.0,-0.043,0.0,,,0.426,-14618.159,-3685.04,0.427,0.362
normalized_3fu4A_M137.pdb,,,0.483,0.577,0.338,0.535,,,0.336,0.759,0.517,0.793,0.862,0.862,0.697,-3349.57,107537.0,-0.031,0.0,,,0.252,-13114.364,-3219.287,0.412,0.336
normalized_3fu4A_M138.pdb,,,0.682,0.745,0.676,0.658,,,0.338,0.776,0.552,0.828,0.862,0.862,0.733,-5894.91,109634.0,-0.054,0.0,,,0.437,-14481.086,-3692.356,0.432,0.338
normalized_3fu4A_M139.pdb,,,0.411,0.577,0.378,0.364,,,0.357,0.767,0.586,0.759,0.862,0.862,0.715,-5042.84,109858.0,-0.046,0.0,,,0.347,-14038.504,-3566.221,0.431,0.357
normalized_3fu4A_M14.pdb,,,0.686,0.667,0.676,0.7,,,0.721,0.853,0.828,0.862,0.862,0.862,0.76,-7257.23,112729.0,-0.064,0.0,,,0.533,-15780.589,-4070.933,0.503,0.721
normalized_3fu4A_M140.pdb,,,0.61,0.745,0.567,0.567,,,0.383,0.767,0.586,0.793,0.828,0.862,0.718,-4663.52,109264.0,-0.043,0.0,,,0.419,-14179.413,-3798.534,0.439,0.383
normalized_3fu4A_M141.pdb,,,0.682,0.745,0.676,0.658,,,0.285,0.733,0.448,0.759,0.862,0.862,0.71,-4744.66,109559.0,-0.043,0.0,,,0.35,-13906.254,-3502.44,0.413,0.285
normalized_3fu4A_M142.pdb,,,0.415,0.447,0.338,0.436,,,0.287,0.733,0.448,0.759,0.862,0.862,0.66,-3153.55,113319.0,-0.028,0.0,,,0.309,-13893.088,-3479.767,0.396,0.288
normalized_3fu4A_M143.pdb,,,0.698,0.745,0.567,0.724,,,0.31,0.75,0.448,0.828,0.862,0.862,0.717,-5103.52,108006.0,-0.047,0.0,,,0.394,-13774.404,-3550.585,0.426,0.31
normalized_3fu4A_M144.pdb,,,0.467,0.577,0.378,0.463,,,0.353,0.776,0.621,0.828,0.828,0.828,0.653,-3600.84,106713.0,-0.034,0.0,,,0.283,-13244.916,-3237.742,0.403,0.353
normalized_3fu4A_M145.pdb,,,0.682,0.745,0.436,0.726,,,0.346,0.75,0.517,0.759,0.862,0.862,0.684,-5348.44,110879.0,-0.048,0.0,,,0.375,-14390.192,-3616.912,0.423,0.346
normalized_3fu4A_M146.pdb,,,0.646,0.745,0.507,0.658,,,0.344,0.733,0.483,0.759,0.828,0.862,0.728,-4886.6,109048.0,-0.045,0.0,,,0.438,-14590.682,-3714.219,0.437,0.344
normalized_3fu4A_M147.pdb,,,0.581,0.667,0.378,0.621,,,0.405,0.776,0.621,0.828,0.828,0.828,0.713,-3712.76,110878.0,-0.033,0.0,,,0.335,-14198.503,-3471.716,0.349,0.405
normalized_3fu4A_M148.pdb,,,0.518,0.5,0.567,0.509,,,0.365,0.776,0.552,0.828,0.862,0.862,0.682,-4273.68,109504.0,-0.039,0.0,,,0.361,-13923.206,-3539.772,0.408,0.365
normalized_3fu4A_M149.pdb,,,0.452,0.385,0.507,0.463,,,0.333,0.741,0.483,0.793,0.828,0.862,0.654,-2590.21,110949.0,-0.023,0.0,,,0.281,-13552.531,-3443.001,0.399,0.332
normalized_3fu4A_M15.pdb,,,0.746,0.745,0.617,0.794,,,0.776,0.862,0.862,0.862,0.862,0.862,0.785,-7961.55,113146.0,-0.07,0.0,,,0.633,-16085.164,-4367.423,0.522,0.776
normalized_3fu4A_M150.pdb,,,0.522,0.577,0.535,0.495,,,0.372,0.784,0.621,0.793,0.862,0.862,0.678,-4704.74,107350.0,-0.044,0.0,,,0.326,-13278.127,-3402.391,0.404,0.372
normalized_3fu4A_M151.pdb,,,0.594,0.667,0.567,0.577,,,0.34,0.759,0.483,0.828,0.862,0.862,0.695,-3950.94,108253.0,-0.036,0.0,,,0.328,-13845.347,-3529.621,0.422,0.34
normalized_3fu4A_M152.pdb,,,0.542,0.667,0.463,0.54,,,0.389,0.776,0.586,0.793,0.862,0.862,0.682,-3247.11,108135.0,-0.03,0.0,,,0.345,-13232.608,-3380.81,0.422,0.389
normalized_3fu4A_M153.pdb,,,0.62,0.667,0.378,0.69,,,0.389,0.784,0.621,0.793,0.862,0.862,0.705,-4945.54,109013.0,-0.045,0.0,,,0.386,-14225.366,-3465.499,0.425,0.389
normalized_3fu4A_M154.pdb,,,0.625,0.745,0.676,0.552,,,0.396,0.793,0.655,0.793,0.862,0.862,0.694,-4372.69,109184.0,-0.04,0.0,,,0.423,-14249.662,-3596.376,0.414,0.396
normalized_3fu4A_M155.pdb,,,0.616,0.745,0.267,0.655,,,0.266,0.698,0.379,0.724,0.828,0.862,0.696,-3931.48,104605.0,-0.038,0.0,,,0.358,-12937.105,-3360.322,0.401,0.266
normalized_3fu4A_M156.pdb,,,0.483,0.471,0.655,0.436,,,0.314,0.733,0.483,0.759,0.828,0.862,0.685,-4028.08,110009.0,-0.037,0.0,,,0.227,-12902.172,-3319.824,0.401,0.314
normalized_3fu4A_M157.pdb,,,0.581,0.667,0.567,0.552,,,0.319,0.75,0.483,0.793,0.862,0.862,0.703,-4621.6,109786.0,-0.042,0.0,,,0.375,-14120.25,-3594.848,0.415,0.319
normalized_3fu4A_M158.pdb,,,0.641,0.745,0.567,0.621,,,0.319,0.733,0.448,0.793,0.828,0.862,0.708,-3680.88,108714.0,-0.034,0.0,,,0.348,-13571.156,-3422.034,0.422,0.319
normalized_3fu4A_M159.pdb,,,0.638,0.745,0.655,0.582,,,0.322,0.724,0.414,0.759,0.862,0.862,0.73,-4049.78,106008.0,-0.038,0.0,,,0.37,-13768.539,-3385.35,0.423,0.322
normalized_3fu4A_M16.pdb,,,0.696,0.745,0.571,0.732,,,0.656,0.853,0.828,0.862,0.862,0.862,0.762,-7590.22,113314.0,-0.067,0.0,,,0.54,-15766.704,-4089.378,0.443,0.656
normalized_3fu4A_M160.pdb,,,0.534,0.667,0.567,0.463,,,0.27,0.724,0.379,0.793,0.862,0.862,0.68,-4063.81,113046.0,-0.036,0.0,,,0.288,-13505.925,-3275.168,0.407,0.27
normalized_3fu4A_M161.pdb,,,0.598,0.667,0.567,0.582,,,0.369,0.759,0.552,0.793,0.828,0.862,0.7,-4287.86,108314.0,-0.04,0.0,,,0.277,-13646.17,-3494.548,0.429,0.368
normalized_3fu4A_M162.pdb,,,0.571,0.577,0.655,0.54,,,0.298,0.741,0.448,0.793,0.862,0.862,0.666,-3825.98,109966.0,-0.035,0.0,,,0.326,-13768.989,-3452.906,0.402,0.299
normalized_3fu4A_M163.pdb,,,0.588,0.667,0.676,0.526,,,0.352,0.741,0.448,0.793,0.862,0.862,0.692,-4695.32,109934.0,-0.043,0.0,,,0.332,-13937.358,-3365.651,0.418,0.352
normalized_3fu4A_M164.pdb,,,0.527,0.577,0.655,0.463,,,0.339,0.733,0.483,0.759,0.828,0.862,0.693,-3219.69,110488.0,-0.029,0.0,,,0.341,-13650.454,-3360.249,0.416,0.339
normalized_3fu4A_M165.pdb,,,0.502,0.5,0.378,0.54,,,0.328,0.724,0.414,0.793,0.828,0.862,0.672,-3331.07,112222.0,-0.03,0.0,,,0.289,-14248.587,-3527.284,0.404,0.328
normalized_3fu4A_M166.pdb,,,0.625,0.745,0.756,0.526,,,0.351,0.759,0.552,0.793,0.828,0.862,0.709,-4134.18,108686.0,-0.038,0.0,,,0.335,-13998.517,-3539.051,0.415,0.351
normalized_3fu4A_M167.pdb,,,0.518,0.667,0.338,0.54,,,0.391,0.759,0.552,0.793,0.828,0.862,0.699,-4706.5,109509.0,-0.043,0.0,,,0.327,-14057.152,-3622.054,0.421,0.391
normalized_3fu4A_M168.pdb,,,0.575,0.577,0.567,0.582,,,0.334,0.741,0.552,0.69,0.862,0.862,0.705,-3118.97,109250.0,-0.029,0.0,,,0.302,-13480.148,-3586.772,0.41,0.334
normalized_3fu4A_M169.pdb,,,0.603,0.745,0.507,0.582,,,0.336,0.75,0.517,0.759,0.862,0.862,0.705,-3718.52,107932.0,-0.034,0.0,,,0.341,-14062.034,-3567.559,0.424,0.336
normalized_3fu4A_M17.pdb,,,0.664,0.596,0.676,0.688,,,0.747,0.862,0.862,0.862,0.862,0.862,0.766,-7605.36,113631.0,-0.067,0.0,,,0.584,-15765.653,-4319.459,0.506,0.747
normalized_3fu4A_M170.pdb,,,0.493,0.577,0.507,0.463,,,0.267,0.724,0.414,0.759,0.862,0.862,0.685,-1490.94,108483.0,-0.014,0.0,,,0.262,-13175.955,-3413.971,0.371,0.267
normalized_3fu4A_M171.pdb,,,0.527,0.471,0.535,0.552,,,0.338,0.716,0.517,0.759,0.793,0.793,0.657,-915.468,106714.0,-0.009,0.0,,,0.228,-13204.025,-3231.953,0.38,0.338
normalized_3fu4A_M172.pdb,,,0.679,0.745,0.655,0.658,,,0.303,0.716,0.448,0.759,0.828,0.828,0.673,-3239.51,106219.0,-0.03,0.0,,,0.355,-13652.464,-3368.156,0.406,0.303
normalized_3fu4A_M173.pdb,,,0.603,0.577,0.378,0.693,,,0.344,0.75,0.517,0.759,0.862,0.862,0.688,-4661.44,108600.0,-0.043,0.0,,,0.347,-14110.657,-3470.139,0.425,0.344
normalized_3fu4A_M174.pdb,,,0.588,0.745,0.378,0.592,,,0.295,0.724,0.448,0.759,0.828,0.862,0.665,-2581.45,109778.0,-0.024,0.0,,,0.38,-13679.413,-3488.995,0.417,0.295
normalized_3fu4A_M175.pdb,,,0.571,0.577,0.567,0.577,,,0.295,0.724,0.448,0.724,0.862,0.862,0.656,-3073.39,108531.0,-0.028,0.0,,,0.216,-12945.93,-3197.756,0.391,0.295
normalized_3fu4A_M176.pdb,,,0.603,0.667,0.617,0.582,,,0.315,0.741,0.448,0.793,0.862,0.862,0.696,-3073.34,104828.0,-0.029,0.0,,,0.351,-13247.538,-3512.352,0.394,0.315
normalized_3fu4A_M177.pdb,,,0.659,0.745,0.567,0.655,,,0.313,0.733,0.448,0.793,0.828,0.862,0.706,-4502.19,107024.0,-0.042,0.0,,,0.301,-13789.512,-3449.907,0.417,0.313
normalized_3fu4A_M178.pdb,,,0.575,0.577,0.436,0.621,,,0.312,0.707,0.448,0.69,0.828,0.862,0.663,-2788.15,102992.0,-0.027,0.0,,,0.34,-13013.257,-3135.75,0.397,0.312
normalized_3fu4A_M179.pdb,,,0.504,0.596,0.378,0.509,,,0.375,0.802,0.655,0.828,0.862,0.862,0.696,-4536.87,111979.0,-0.041,0.0,,,0.366,-14222.569,-3450.826,0.422,0.375
normalized_3fu4A_M18.pdb,,,0.794,0.745,0.772,0.823,,,0.716,0.862,0.862,0.862,0.862,0.862,0.769,-7485.54,113841.0,-0.066,0.0,,,0.611,-15964.558,-4326.667,0.514,0.716
normalized_3fu4A_M180.pdb,,,0.439,0.385,0.567,0.414,,,0.349,0.776,0.621,0.759,0.862,0.862,0.669,-3511.53,109715.0,-0.032,0.0,,,0.278,-13496.114,-3412.521,0.385,0.35
normalized_3fu4A_M181.pdb,,,0.625,0.745,0.507,0.621,,,0.306,0.741,0.483,0.759,0.862,0.862,0.691,-3767.2,103226.0,-0.036,0.0,,,0.421,-13687.879,-3389.264,0.408,0.306
normalized_3fu4A_M182.pdb,,,0.527,0.577,0.567,0.495,,,0.304,0.75,0.517,0.759,0.862,0.862,0.689,-3729.24,108273.0,-0.034,0.0,,,0.308,-13519.143,-3594.561,0.404,0.304
normalized_3fu4A_M183.pdb,,,0.581,0.5,0.378,0.69,,,0.322,0.724,0.448,0.724,0.862,0.862,0.663,-3082.87,109472.0,-0.028,0.0,,,0.296,-13629.689,-3371.995,0.402,0.322
normalized_3fu4A_M184.pdb,,,0.625,0.667,0.567,0.63,,,0.328,0.733,0.517,0.759,0.828,0.828,0.663,-3138.37,106504.0,-0.029,0.0,,,0.356,-13639.108,-3338.686,0.401,0.328
normalized_3fu4A_M185.pdb,,,0.527,0.667,0.436,0.495,,,0.279,0.724,0.379,0.793,0.862,0.862,0.663,-2287.17,109748.0,-0.021,0.0,,,0.208,-13181.87,-3401.136,0.394,0.278
normalized_3fu4A_M186.pdb,,,0.52,0.577,0.655,0.436,,,0.299,0.69,0.379,0.759,0.793,0.828,0.649,-991.276,107910.0,-0.009,0.0,,,0.234,-13301.334,-3314.014,0.333,0.298
normalized_3fu4A_M187.pdb,,,0.558,0.667,0.436,0.552,,,0.266,0.698,0.345,0.759,0.828,0.862,0.66,-3235.15,108826.0,-0.03,0.0,,,0.368,-14021.862,-3229.077,0.41,0.266
normalized_3fu4A_M188.pdb,,,0.566,0.667,0.338,0.621,,,0.307,0.741,0.448,0.828,0.828,0.862,0.716,-4956.75,109693.0,-0.045,0.0,,,0.318,-14299.587,-3630.426,0.433,0.307
normalized_3fu4A_M189.pdb,,,0.571,0.745,0.535,0.495,,,0.299,0.707,0.414,0.724,0.828,0.862,0.673,-3707.18,109907.0,-0.034,0.0,,,0.281,-13936.438,-3658.29,0.402,0.299
normalized_3fu4A_M19.pdb,,,0.709,0.667,0.676,0.741,,,0.711,0.862,0.862,0.862,0.862,0.862,0.774,-7531.31,112321.0,-0.067,0.0,,,0.556,-15372.436,-4148.866,0.47,0.711
normalized_3fu4A_M190.pdb,,,0.478,0.471,0.507,0.483,,,0.366,0.759,0.552,0.759,0.862,0.862,0.666,-3303.41,106990.0,-0.031,0.0,,,0.247,-12879.742,-3318.664,0.394,0.366
normalized_3fu4A_M191.pdb,,,0.603,0.667,0.378,0.658,,,0.383,0.759,0.552,0.793,0.828,0.862,0.672,-3122.4,105113.0,-0.03,0.0,,,0.371,-13766.721,-3576.956,0.416,0.382
normalized_3fu4A_M192.pdb,,,0.502,0.385,0.655,0.495,,,0.226,0.672,0.31,0.69,0.828,0.862,0.668,-3507.27,109403.0,-0.032,0.0,,,0.264,-13219.975,-3347.825,0.385,0.226
normalized_3fu4A_M193.pdb,,,0.382,0.471,0.507,0.309,,,0.28,0.672,0.379,0.621,0.828,0.862,0.669,-2973.55,110560.0,-0.027,0.0,,,0.263,-13341.0,-3324.591,0.379,0.28
normalized_3fu4A_M194.pdb,,,0.528,0.577,0.507,0.526,,,0.359,0.75,0.552,0.759,0.828,0.862,0.671,-4323.62,109625.0,-0.039,0.0,,,0.389,-13799.71,-3592.46,0.408,0.359
normalized_3fu4A_M195.pdb,,,0.61,0.596,0.567,0.63,,,0.257,0.716,0.379,0.793,0.828,0.862,0.689,-4985.85,109469.0,-0.046,0.0,,,0.314,-14510.796,-3738.395,0.42,0.257
normalized_3fu4A_M196.pdb,,,0.558,0.667,0.463,0.577,,,0.32,0.741,0.517,0.759,0.828,0.862,0.689,-2674.08,106708.0,-0.025,0.0,,,0.302,-13288.781,-3429.718,0.41,0.32
normalized_3fu4A_M197.pdb,,,0.395,0.385,0.378,0.412,,,0.298,0.733,0.448,0.759,0.862,0.862,0.67,-4671.0,108954.0,-0.043,0.0,,,0.269,-13872.687,-3334.502,0.387,0.298
normalized_3fu4A_M198.pdb,,,0.527,0.471,0.567,0.54,,,0.345,0.75,0.517,0.793,0.828,0.862,0.659,-2691.43,105508.0,-0.026,0.0,,,0.323,-12940.81,-3340.172,0.401,0.345
normalized_3fu4A_M199.pdb,,,0.603,0.667,0.507,0.621,,,0.37,0.776,0.621,0.793,0.828,0.862,0.711,-4197.97,106494.0,-0.039,0.0,,,0.319,-13609.068,-3411.459,0.422,0.37
normalized_3fu4A_M2.pdb,,,0.81,0.68,0.857,0.847,,,0.835,0.862,0.862,0.862,0.862,0.862,0.794,-8232.63,112945.0,-0.073,0.0,,,0.659,-16312.609,-4457.467,0.527,0.835
normalized_3fu4A_M20.pdb,,,0.638,0.667,0.567,0.655,,,0.682,0.853,0.828,0.862,0.862,0.862,0.747,-6819.72,113060.0,-0.06,0.0,,,0.435,-15003.573,-3919.251,0.305,0.682
normalized_3fu4A_M200.pdb,,,0.427,0.385,0.436,0.445,,,0.301,0.707,0.448,0.655,0.862,0.862,0.658,-3345.14,109124.0,-0.031,0.0,,,0.238,-13666.454,-3342.238,0.395,0.301
normalized_3fu4A_M201.pdb,,,0.509,0.667,0.567,0.412,,,0.292,0.724,0.414,0.793,0.828,0.862,0.683,-2476.49,107950.0,-0.023,0.0,,,0.301,-13429.465,-3460.686,0.387,0.292
normalized_3fu4A_M202.pdb,,,0.558,0.577,0.567,0.552,,,0.237,0.681,0.345,0.724,0.828,0.828,0.668,-1631.98,108352.0,-0.015,0.0,,,0.268,-13100.301,-3398.595,0.389,0.237
normalized_3fu4A_M203.pdb,,,0.638,0.745,0.535,0.621,,,0.295,0.716,0.414,0.759,0.828,0.862,0.689,-2679.24,108803.0,-0.025,0.0,,,0.326,-14095.926,-3632.878,0.403,0.295
normalized_3fu4A_M204.pdb,,,0.588,0.577,0.571,0.621,,,0.259,0.707,0.345,0.759,0.862,0.862,0.695,-3304.83,109226.0,-0.03,0.0,,,0.362,-13700.384,-3474.913,0.404,0.259
normalized_3fu4A_M205.pdb,,,0.625,0.745,0.655,0.567,,,0.345,0.759,0.552,0.793,0.828,0.862,0.693,-4962.55,106352.0,-0.047,0.0,,,0.38,-13737.5,-3444.748,0.41,0.345
normalized_3fu4A_M206.pdb,,,0.61,0.745,0.378,0.63,,,0.296,0.707,0.379,0.759,0.828,0.862,0.708,-3890.95,107385.0,-0.036,0.0,,,0.347,-13758.572,-3291.064,0.42,0.296
normalized_3fu4A_M207.pdb,,,0.581,0.667,0.507,0.582,,,0.272,0.698,0.345,0.724,0.862,0.862,0.694,-2652.35,106163.0,-0.025,0.0,,,0.315,-13071.722,-3474.904,0.36,0.272
normalized_3fu4A_M208.pdb,,,0.518,0.471,0.507,0.552,,,0.294,0.707,0.448,0.69,0.828,0.862,0.667,-3786.74,107535.0,-0.035,0.0,,,0.303,-13513.185,-3466.17,0.405,0.294
normalized_3fu4A_M209.pdb,,,0.594,0.667,0.567,0.577,,,0.322,0.733,0.517,0.724,0.828,0.862,0.698,-3517.43,107994.0,-0.033,0.0,,,0.333,-13950.257,-3471.082,0.406,0.322
normalized_3fu4A_M21.pdb,,,0.652,0.667,0.429,0.741,,,0.656,0.836,0.759,0.862,0.862,0.862,0.769,-7458.2,112836.0,-0.066,0.0,,,0.584,-15421.11,-4145.621,0.468,0.656
normalized_3fu4A_M210.pdb,,,0.62,0.667,0.436,0.658,,,0.246,0.69,0.379,0.69,0.828,0.862,0.69,-3232.0,106812.0,-0.03,0.0,,,0.297,-13459.178,-3165.448,0.336,0.246
normalized_3fu4A_M211.pdb,,,0.411,0.577,0.507,0.309,,,0.304,0.707,0.448,0.724,0.793,0.862,0.641,-2443.36,107115.0,-0.023,0.0,,,0.274,-13138.735,-3276.588,0.392,0.297
normalized_3fu4A_M212.pdb,,,0.598,0.745,0.218,0.655,,,0.29,0.741,0.448,0.793,0.862,0.862,0.696,-3982.34,108479.0,-0.037,0.0,,,0.314,-13560.226,-3616.264,0.416,0.29
normalized_3fu4A_M213.pdb,,,0.61,0.667,0.567,0.605,,,0.334,0.724,0.483,0.759,0.828,0.828,0.696,-3120.9,111856.0,-0.028,0.0,,,0.366,-13683.896,-3376.304,0.425,0.334
normalized_3fu4A_M214.pdb,,,0.641,0.745,0.567,0.621,,,0.261,0.681,0.379,0.621,0.862,0.862,0.678,-3493.36,110105.0,-0.032,0.0,,,0.375,-13753.551,-3617.299,0.41,0.261
normalized_3fu4A_M215.pdb,,,0.581,0.667,0.567,0.552,,,0.323,0.759,0.517,0.793,0.862,0.862,0.682,-3295.37,106512.0,-0.031,0.0,,,0.316,-13548.053,-3468.452,0.398,0.323
normalized_3fu4A_M216.pdb,,,0.646,0.745,0.617,0.621,,,0.294,0.716,0.379,0.793,0.828,0.862,0.703,-5075.72,107814.0,-0.047,0.0,,,0.325,-13997.625,-3527.137,0.421,0.294
normalized_3fu4A_M217.pdb,,,0.603,0.667,0.507,0.621,,,0.318,0.741,0.448,0.793,0.862,0.862,0.707,-4815.92,105699.0,-0.046,0.0,,,0.369,-13844.067,-3552.069,0.411,0.318
normalized_3fu4A_M218.pdb,,,0.581,0.667,0.567,0.552,,,0.266,0.681,0.345,0.69,0.828,0.862,0.689,-3060.76,106138.0,-0.029,0.0,,,0.325,-13485.9,-3419.992,0.406,0.266
normalized_3fu4A_M219.pdb,,,0.534,0.596,0.267,0.582,,,0.299,0.698,0.414,0.724,0.828,0.828,0.641,-1317.15,108107.0,-0.012,0.0,,,0.374,-12905.892,-3322.742,0.39,0.299
normalized_3fu4A_M22.pdb,,,0.603,0.577,0.567,0.63,,,0.623,0.845,0.793,0.862,0.862,0.862,0.748,-6658.04,112387.0,-0.059,0.0,,,0.371,-14665.322,-3718.885,0.446,0.623
normalized_3fu4A_M220.pdb,,,0.682,0.745,0.567,0.693,,,0.257,0.681,0.414,0.655,0.828,0.828,0.673,-1410.11,105622.0,-0.013,0.0,,,0.37,-13358.286,-3230.952,0.397,0.254
normalized_3fu4A_M221.pdb,,,0.575,0.745,0.436,0.54,,,0.341,0.716,0.483,0.724,0.793,0.862,0.661,-2633.28,106691.0,-0.025,0.0,,,0.346,-13711.62,-3409.61,0.405,0.341
normalized_3fu4A_M222.pdb,,,0.439,0.471,0.617,0.356,,,0.324,0.75,0.552,0.759,0.828,0.862,0.656,-3012.75,108753.0,-0.028,0.0,,,0.22,-12997.183,-3346.371,0.397,0.324
normalized_3fu4A_M223.pdb,,,0.631,0.745,0.617,0.592,,,0.286,0.741,0.414,0.828,0.862,0.862,0.707,-4171.75,110417.0,-0.038,0.0,,,0.367,-14259.372,-3714.686,0.412,0.286
normalized_3fu4A_M224.pdb,,,0.547,0.577,0.535,0.54,,,0.247,0.681,0.448,0.621,0.828,0.828,0.664,-1535.38,108910.0,-0.014,0.0,,,0.312,-13260.819,-3132.468,0.389,0.247
normalized_3fu4A_M225.pdb,,,0.551,0.596,0.507,0.552,,,0.326,0.741,0.517,0.759,0.828,0.862,0.646,-3817.71,107151.0,-0.036,0.0,,,0.331,-13696.585,-3335.99,0.392,0.326
normalized_3fu4A_M226.pdb,,,0.424,0.577,0.378,0.386,,,0.283,0.698,0.448,0.69,0.793,0.862,0.635,-2280.75,108479.0,-0.021,0.0,,,0.213,-12842.473,-3290.969,0.391,0.283
normalized_3fu4A_M227.pdb,,,0.679,0.667,0.845,0.621,,,0.282,0.716,0.345,0.793,0.862,0.862,0.7,-3888.42,107797.0,-0.036,0.0,,,0.268,-14092.69,-3622.049,0.418,0.282
normalized_3fu4A_M228.pdb,,,0.452,0.5,0.507,0.412,,,0.29,0.69,0.345,0.724,0.828,0.862,0.669,-2654.93,108415.0,-0.024,0.0,,,0.264,-13153.765,-3213.007,0.39,0.29
normalized_3fu4A_M229.pdb,,,0.534,0.667,0.436,0.509,,,0.204,0.647,0.31,0.586,0.828,0.862,0.651,-2208.09,104989.0,-0.021,0.0,,,0.242,-12939.114,-3079.599,0.38,0.212
normalized_3fu4A_M23.pdb,,,0.746,0.68,0.772,0.764,,,0.64,0.853,0.828,0.862,0.862,0.862,0.768,-7202.97,113018.0,-0.064,0.0,,,0.579,-15464.462,-4257.9,0.504,0.64
normalized_3fu4A_M230.pdb,,,0.395,0.333,0.378,0.436,,,0.293,0.69,0.448,0.655,0.793,0.862,0.612,-1550.57,108535.0,-0.014,0.0,,,0.234,-13459.478,-3457.793,0.368,0.293
normalized_3fu4A_M231.pdb,,,0.678,0.745,0.535,0.69,,,0.316,0.724,0.483,0.759,0.828,0.828,0.665,-2260.9,105370.0,-0.021,0.0,,,0.301,-13329.148,-3371.388,0.388,0.316
normalized_3fu4A_M232.pdb,,,0.566,0.745,0.378,0.552,,,0.283,0.69,0.379,0.69,0.828,0.862,0.701,-4756.34,105262.0,-0.045,0.0,,,0.377,-13658.446,-3463.357,0.415,0.283
normalized_3fu4A_M233.pdb,,,0.502,0.471,0.436,0.54,,,0.3,0.698,0.448,0.655,0.828,0.862,0.636,-2468.2,103159.0,-0.024,0.0,,,0.248,-12853.47,-3229.018,0.373,0.309
normalized_3fu4A_M234.pdb,,,0.662,0.745,0.567,0.658,,,0.313,0.707,0.448,0.69,0.828,0.862,0.718,-4395.93,108794.0,-0.04,0.0,,,0.374,-13983.537,-3570.522,0.425,0.313
normalized_3fu4A_M235.pdb,,,0.502,0.596,0.378,0.504,,,0.345,0.75,0.517,0.759,0.862,0.862,0.706,-4142.78,110802.0,-0.037,0.0,,,0.302,-14096.805,-3606.644,0.408,0.345
normalized_3fu4A_M236.pdb,,,0.625,0.745,0.507,0.621,,,0.318,0.716,0.448,0.69,0.862,0.862,0.697,-4423.17,105073.0,-0.042,0.0,,,0.314,-13558.469,-3328.67,0.406,0.318
normalized_3fu4A_M237.pdb,,,0.496,0.385,0.655,0.488,,,0.255,0.698,0.379,0.69,0.862,0.862,0.671,-3911.88,102461.0,-0.038,0.0,,,0.224,-12576.39,-3156.631,0.374,0.255
normalized_3fu4A_M238.pdb,,,0.493,0.5,0.567,0.463,,,0.288,0.698,0.414,0.69,0.828,0.862,0.666,-4078.58,111200.0,-0.037,0.0,,,0.279,-14097.669,-3451.504,0.406,0.288
normalized_3fu4A_M239.pdb,,,0.483,0.5,0.567,0.445,,,0.285,0.716,0.379,0.759,0.862,0.862,0.63,-3216.76,110381.0,-0.029,0.0,,,0.249,-13669.561,-3641.036,0.396,0.285
normalized_3fu4A_M24.pdb,,,0.631,0.596,0.567,0.666,,,0.587,0.81,0.69,0.828,0.862,0.862,0.769,-6679.39,112997.0,-0.059,0.0,,,0.502,-15177.476,-3962.138,0.46,0.587
normalized_3fu4A_M240.pdb,,,0.581,0.745,0.676,0.463,,,0.313,0.707,0.414,0.724,0.828,0.862,0.68,-3426.04,106401.0,-0.032,0.0,,,0.316,-13708.537,-3334.516,0.4,0.313
normalized_3fu4A_M241.pdb,,,0.617,0.745,0.463,0.63,,,0.281,0.698,0.379,0.69,0.862,0.862,0.693,-4217.14,108867.0,-0.039,0.0,,,0.402,-13818.419,-3720.516,0.419,0.281
normalized_3fu4A_M242.pdb,,,0.493,0.577,0.567,0.436,,,0.265,0.655,0.31,0.69,0.793,0.828,0.659,-2913.21,107319.0,-0.027,0.0,,,0.298,-13327.009,-3337.597,0.39,0.264
normalized_3fu4A_M243.pdb,,,0.518,0.577,0.507,0.509,,,0.305,0.724,0.379,0.793,0.862,0.862,0.688,-3302.51,110096.0,-0.03,0.0,,,0.34,-14187.4,-3759.734,0.413,0.305
normalized_3fu4A_M244.pdb,,,0.581,0.667,0.617,0.54,,,0.273,0.716,0.414,0.724,0.862,0.862,0.68,-3048.32,108580.0,-0.028,0.0,,,0.33,-13689.226,-3148.471,0.401,0.273
normalized_3fu4A_M245.pdb,,,0.638,0.667,0.378,0.693,,,0.271,0.681,0.414,0.724,0.793,0.793,0.64,-1120.94,102774.0,-0.011,0.0,,,0.301,-12754.511,-3096.165,0.378,0.272
normalized_3fu4A_M246.pdb,,,0.575,0.667,0.567,0.54,,,0.278,0.698,0.379,0.69,0.862,0.862,0.679,-3999.0,106355.0,-0.038,0.0,,,0.328,-13400.917,-3283.28,0.4,0.277
normalized_3fu4A_M247.pdb,,,0.493,0.577,0.338,0.54,,,0.311,0.707,0.414,0.759,0.793,0.862,0.655,-510.082,104351.0,-0.005,0.0,,,0.245,-12901.043,-3156.326,0.375,0.311
normalized_3fu4A_M248.pdb,,,0.424,0.577,0.0,0.509,,,0.247,0.69,0.31,0.724,0.862,0.862,0.68,-3537.1,108498.0,-0.033,0.0,,,0.289,-13282.34,-3504.78,0.397,0.247
normalized_3fu4A_M249.pdb,,,0.598,0.745,0.567,0.54,,,0.244,0.698,0.379,0.724,0.828,0.862,0.68,-2613.2,107459.0,-0.024,0.0,,,0.387,-13329.264,-3288.533,0.399,0.253
normalized_3fu4A_M25.pdb,,,0.742,0.745,0.567,0.794,,,0.698,0.862,0.862,0.862,0.862,0.862,0.78,-7578.95,112320.0,-0.067,0.0,,,0.614,-15922.368,-4257.714,0.516,0.698
normalized_3fu4A_M250.pdb,,,0.566,0.667,0.507,0.552,,,0.304,0.716,0.483,0.759,0.793,0.828,0.65,-2770.47,104833.0,-0.026,0.0,,,0.36,-13210.763,-3288.276,0.398,0.306
normalized_3fu4A_M251.pdb,,,0.528,0.596,0.535,0.504,,,0.326,0.741,0.483,0.759,0.862,0.862,0.671,-3631.48,111342.0,-0.033,0.0,,,0.315,-13943.162,-3337.327,0.405,0.326
normalized_3fu4A_M252.pdb,,,0.679,0.745,0.676,0.655,,,0.211,0.664,0.345,0.621,0.828,0.862,0.63,-2274.88,109243.0,-0.021,0.0,,,0.361,-14036.911,-3442.181,0.388,0.211
normalized_3fu4A_M253.pdb,,,0.547,0.577,0.267,0.617,,,0.295,0.724,0.414,0.793,0.828,0.862,0.652,-1496.13,107045.0,-0.014,0.0,,,0.288,-13053.536,-3066.677,0.396,0.295
normalized_3fu4A_M254.pdb,,,0.666,0.745,0.567,0.666,,,0.291,0.681,0.345,0.69,0.828,0.862,0.687,-3046.63,104443.0,-0.029,0.0,,,0.315,-13072.406,-3424.336,0.387,0.291
normalized_3fu4A_M255.pdb,,,0.659,0.667,0.567,0.69,,,0.264,0.681,0.414,0.655,0.828,0.828,0.686,-2684.87,108109.0,-0.025,0.0,,,0.354,-13660.227,-3283.76,0.402,0.264
normalized_3fu4A_M256.pdb,,,0.575,0.667,0.535,0.552,,,0.287,0.707,0.414,0.724,0.828,0.862,0.687,-3516.56,109662.0,-0.032,0.0,,,0.371,-14116.598,-3494.763,0.416,0.287
normalized_3fu4A_M257.pdb,,,0.509,0.745,0.436,0.412,,,0.256,0.681,0.345,0.69,0.828,0.862,0.655,-2440.74,106663.0,-0.023,0.0,,,0.246,-13590.929,-3329.167,0.395,0.256
normalized_3fu4A_M258.pdb,,,0.509,0.577,0.655,0.436,,,0.35,0.776,0.586,0.793,0.862,0.862,0.665,-3279.21,106739.0,-0.031,0.0,,,0.312,-13370.167,-3386.757,0.401,0.35
normalized_3fu4A_M259.pdb,,,0.467,0.667,0.378,0.412,,,0.269,0.69,0.31,0.724,0.862,0.862,0.639,-1546.9,107651.0,-0.014,0.0,,,0.208,-12766.707,-3186.878,0.368,0.269
normalized_3fu4A_M26.pdb,,,0.701,0.667,0.655,0.732,,,0.667,0.853,0.828,0.862,0.862,0.862,0.746,-6804.52,113036.0,-0.06,0.0,,,0.432,-14947.492,-3915.721,0.39,0.667
normalized_3fu4A_M260.pdb,,,0.456,0.577,0.267,0.463,,,0.254,0.716,0.414,0.759,0.828,0.862,0.647,-2504.51,105115.0,-0.024,0.0,,,0.273,-13056.276,-2984.51,0.406,0.254
normalized_3fu4A_M261.pdb,,,0.638,0.667,0.655,0.621,,,0.274,0.69,0.414,0.655,0.828,0.862,0.647,-2698.61,108033.0,-0.025,0.0,,,0.312,-13244.286,-3417.684,0.394,0.274
normalized_3fu4A_M262.pdb,,,0.566,0.5,0.507,0.621,,,0.327,0.698,0.483,0.655,0.793,0.862,0.677,-3617.53,99169.0,-0.036,0.0,,,0.317,-12878.672,-3169.176,0.382,0.314
normalized_3fu4A_M263.pdb,,,0.551,0.667,0.378,0.567,,,0.289,0.724,0.483,0.724,0.828,0.862,0.685,-3445.56,105034.0,-0.033,0.0,,,0.322,-13571.792,-3387.704,0.417,0.289
normalized_3fu4A_M264.pdb,,,0.581,0.667,0.567,0.552,,,0.173,0.586,0.241,0.517,0.759,0.828,0.601,2323.88,104028.0,0.022,0.0,,,0.285,-12087.97,-3043.731,0.347,0.166
normalized_3fu4A_M265.pdb,,,0.646,0.745,0.507,0.658,,,0.23,0.69,0.345,0.69,0.862,0.862,0.72,-4101.94,106542.0,-0.039,0.0,,,0.396,-13620.31,-3487.033,0.412,0.23
normalized_3fu4A_M266.pdb,,,0.518,0.667,0.378,0.509,,,0.242,0.698,0.276,0.793,0.862,0.862,0.703,-2321.37,107223.0,-0.022,0.0,,,0.333,-13079.136,-3383.169,0.404,0.242
normalized_3fu4A_M267.pdb,,,0.483,0.577,0.378,0.495,,,0.276,0.681,0.379,0.655,0.828,0.862,0.649,-2048.76,102676.0,-0.02,0.0,,,0.249,-12369.784,-2923.521,0.383,0.276
normalized_3fu4A_M268.pdb,,,0.558,0.667,0.567,0.509,,,0.333,0.716,0.483,0.724,0.828,0.828,0.664,-4196.96,106995.0,-0.039,0.0,,,0.312,-14209.809,-3554.22,0.403,0.33
normalized_3fu4A_M269.pdb,,,0.399,0.192,0.338,0.509,,,0.231,0.681,0.31,0.69,0.862,0.862,0.653,-2594.44,112566.0,-0.023,0.0,,,0.226,-13504.13,-3314.969,0.38,0.231
normalized_3fu4A_M27.pdb,,,0.491,0.667,0.189,0.525,,,0.648,0.853,0.828,0.862,0.862,0.862,0.761,-7336.12,113407.0,-0.065,0.0,,,0.487,-15557.622,-4064.415,0.491,0.648
normalized_3fu4A_M270.pdb,,,0.581,0.667,0.676,0.509,,,0.227,0.664,0.345,0.621,0.828,0.862,0.665,-1275.23,104473.0,-0.012,0.0,,,0.304,-13023.893,-3152.835,0.385,0.227
normalized_3fu4A_M271.pdb,,,0.527,0.667,0.267,0.54,,,0.291,0.724,0.448,0.759,0.828,0.862,0.669,-4114.36,106136.0,-0.039,0.0,,,0.352,-13725.694,-3585.805,0.403,0.291
normalized_3fu4A_M272.pdb,,,0.504,0.667,0.338,0.509,,,0.223,0.638,0.276,0.586,0.828,0.862,0.631,-1823.74,105500.0,-0.017,0.0,,,0.262,-13035.173,-3368.306,0.376,0.223
normalized_3fu4A_M273.pdb,,,0.552,0.667,0.436,0.54,,,0.272,0.672,0.379,0.69,0.793,0.828,0.673,-1224.82,102191.0,-0.012,0.0,,,0.289,-12720.299,-3101.44,0.381,0.272
normalized_3fu4A_M274.pdb,,,0.534,0.385,0.567,0.582,,,0.276,0.724,0.414,0.759,0.862,0.862,0.664,-871.781,108845.0,-0.008,0.0,,,0.189,-12948.268,-3140.266,0.379,0.276
normalized_3fu4A_M275.pdb,,,0.594,0.745,0.655,0.495,,,0.285,0.672,0.414,0.655,0.759,0.862,0.657,-1324.93,107407.0,-0.012,0.0,,,0.296,-13272.362,-3377.371,0.381,0.285
normalized_3fu4A_M276.pdb,,,0.646,0.745,0.507,0.658,,,0.293,0.698,0.345,0.724,0.862,0.862,0.669,-2612.73,107096.0,-0.024,0.0,,,0.313,-13743.147,-3511.32,0.404,0.293
normalized_3fu4A_M277.pdb,,,0.594,0.667,0.436,0.617,,,0.223,0.672,0.345,0.655,0.828,0.862,0.665,-2987.15,107110.0,-0.028,0.0,,,0.339,-13206.766,-3470.18,0.386,0.223
normalized_3fu4A_M278.pdb,,,0.698,0.745,0.676,0.69,,,0.344,0.741,0.483,0.793,0.828,0.862,0.69,-3489.18,107707.0,-0.032,0.0,,,0.411,-14245.568,-3570.957,0.428,0.344
normalized_3fu4A_M279.pdb,,,0.467,0.667,0.436,0.386,,,0.239,0.647,0.345,0.655,0.759,0.828,0.658,-1366.74,105091.0,-0.013,0.0,,,0.272,-13186.325,-3163.24,0.376,0.252
normalized_3fu4A_M28.pdb,,,0.686,0.745,0.567,0.7,,,0.71,0.862,0.862,0.862,0.862,0.862,0.767,-7184.85,112614.0,-0.064,0.0,,,0.517,-15393.006,-4083.613,0.499,0.71
normalized_3fu4A_M280.pdb,,,0.542,0.667,0.338,0.582,,,0.308,0.716,0.483,0.724,0.793,0.862,0.675,-2141.84,106449.0,-0.02,0.0,,,0.321,-13353.406,-3232.417,0.393,0.308
normalized_3fu4A_M281.pdb,,,0.527,0.577,0.436,0.54,,,0.267,0.733,0.414,0.793,0.862,0.862,0.687,-3991.0,108831.0,-0.037,0.0,,,0.284,-13502.695,-3331.64,0.421,0.267
normalized_3fu4A_M282.pdb,,,0.566,0.596,0.507,0.582,,,0.259,0.698,0.379,0.724,0.828,0.862,0.685,-3619.25,105463.0,-0.034,0.0,,,0.353,-13429.38,-3536.761,0.411,0.258
normalized_3fu4A_M283.pdb,,,0.446,0.471,0.655,0.356,,,0.244,0.672,0.31,0.69,0.828,0.862,0.622,-2375.57,104803.0,-0.023,0.0,,,0.181,-12508.342,-3067.399,0.365,0.244
normalized_3fu4A_M284.pdb,,,0.518,0.745,0.378,0.463,,,0.325,0.741,0.483,0.759,0.862,0.862,0.703,-4323.67,110464.0,-0.039,0.0,,,0.33,-13907.831,-3403.292,0.411,0.325
normalized_3fu4A_M285.pdb,,,0.542,0.667,0.507,0.509,,,0.26,0.707,0.379,0.724,0.862,0.862,0.683,-4157.22,109674.0,-0.038,0.0,,,0.343,-13672.954,-3349.488,0.409,0.26
normalized_3fu4A_M286.pdb,,,0.552,0.667,0.267,0.582,,,0.291,0.681,0.414,0.69,0.793,0.828,0.647,-1581.76,105852.0,-0.015,0.0,,,0.316,-13081.86,-3202.639,0.378,0.291
normalized_3fu4A_M287.pdb,,,0.662,0.667,0.655,0.666,,,0.256,0.69,0.379,0.655,0.862,0.862,0.701,-3677.4,106281.0,-0.035,0.0,,,0.302,-13649.753,-3410.849,0.401,0.256
normalized_3fu4A_M288.pdb,,,0.603,0.667,0.567,0.592,,,0.23,0.638,0.31,0.621,0.793,0.828,0.636,-2098.95,102941.0,-0.02,0.0,,,0.259,-12602.525,-3098.03,0.371,0.23
normalized_3fu4A_M289.pdb,,,0.581,0.667,0.567,0.552,,,0.205,0.603,0.241,0.552,0.793,0.828,0.643,-1231.59,105685.0,-0.012,0.0,,,0.306,-13116.921,-3250.253,0.377,0.211
normalized_3fu4A_M29.pdb,,,0.592,0.596,0.507,0.62,,,0.622,0.853,0.828,0.862,0.862,0.862,0.761,-6592.5,112835.0,-0.058,0.0,,,0.533,-15172.231,-4022.407,0.489,0.622
normalized_3fu4A_M290.pdb,,,0.581,0.667,0.507,0.582,,,0.238,0.655,0.276,0.621,0.862,0.862,0.652,-2606.82,108912.0,-0.024,0.0,,,0.272,-13210.39,-3150.702,0.393,0.238
normalized_3fu4A_M291.pdb,,,0.456,0.577,0.507,0.39,,,0.279,0.681,0.345,0.69,0.828,0.862,0.646,-2146.98,104862.0,-0.02,0.0,,,0.233,-12558.373,-3120.34,0.376,0.279
normalized_3fu4A_M292.pdb,,,0.456,0.577,0.218,0.495,,,0.225,0.672,0.31,0.69,0.828,0.862,0.651,-1422.04,103631.0,-0.014,0.0,,,0.293,-12874.476,-3186.549,0.378,0.236
normalized_3fu4A_M293.pdb,,,0.566,0.667,0.507,0.552,,,0.238,0.672,0.31,0.724,0.793,0.862,0.661,-2095.54,105104.0,-0.02,0.0,,,0.291,-13059.325,-3254.302,0.387,0.238
normalized_3fu4A_M294.pdb,,,0.62,0.667,0.676,0.582,,,0.271,0.681,0.379,0.655,0.828,0.862,0.645,-1239.92,100325.0,-0.012,0.0,,,0.276,-12557.544,-3176.227,0.365,0.273
normalized_3fu4A_M295.pdb,,,0.659,0.667,0.676,0.655,,,0.203,0.612,0.241,0.552,0.828,0.828,0.651,-2726.84,104525.0,-0.026,0.0,,,0.383,-13046.152,-3494.872,0.312,0.203
normalized_3fu4A_M296.pdb,,,0.509,0.667,0.378,0.495,,,0.268,0.638,0.31,0.586,0.828,0.828,0.676,-2389.39,104230.0,-0.023,0.0,,,0.227,-12770.376,-2977.136,0.375,0.277
normalized_3fu4A_M297.pdb,,,0.581,0.667,0.756,0.483,,,0.3,0.69,0.414,0.724,0.793,0.828,0.615,-691.343,102885.0,-0.007,0.0,,,0.331,-13185.518,-3303.46,0.38,0.287
normalized_3fu4A_M298.pdb,,,0.534,0.667,0.189,0.617,,,0.231,0.664,0.31,0.655,0.828,0.862,0.67,-2085.14,109025.0,-0.019,0.0,,,0.297,-12927.808,-3062.349,0.395,0.244
normalized_3fu4A_M299.pdb,,,0.575,0.68,0.436,0.577,,,0.235,0.638,0.31,0.621,0.793,0.828,0.664,-1543.41,103037.0,-0.015,0.0,,,0.316,-12820.05,-3224.236,0.381,0.231
normalized_3fu4A_M3.pdb,,,0.797,0.68,0.857,0.823,,,0.834,0.862,0.862,0.862,0.862,0.862,0.782,-8016.41,112956.0,-0.071,0.0,,,0.649,-16174.878,-4472.458,0.526,0.834
normalized_3fu4A_M30.pdb,,,0.646,0.596,0.655,0.666,,,0.592,0.845,0.793,0.862,0.862,0.862,0.726,-6352.91,112582.0,-0.056,0.0,,,0.417,-14580.572,-3842.135,0.48,0.592
normalized_3fu4A_M300.pdb,,,0.558,0.667,0.567,0.509,,,0.323,0.698,0.448,0.69,0.793,0.862,0.642,-3878.86,105999.0,-0.037,0.0,,,0.298,-13479.988,-3242.979,0.382,0.323
normalized_3fu4A_M301.pdb,,,0.659,0.667,0.756,0.621,,,0.239,0.655,0.345,0.621,0.793,0.862,0.657,-1599.26,101924.0,-0.016,0.0,,,0.294,-12851.114,-3239.777,0.375,0.239
normalized_3fu4A_M302.pdb,,,0.631,0.745,0.617,0.592,,,0.231,0.698,0.345,0.724,0.862,0.862,0.685,-2031.23,104615.0,-0.019,0.0,,,0.266,-12550.457,-3172.787,0.389,0.231
normalized_3fu4A_M303.pdb,,,0.446,0.333,0.535,0.463,,,0.242,0.681,0.345,0.69,0.828,0.862,0.645,-2476.86,102778.0,-0.024,0.0,,,0.251,-12517.2,-3064.293,0.374,0.242
normalized_3fu4A_M304.pdb,,,0.558,0.667,0.507,0.54,,,0.242,0.655,0.345,0.621,0.793,0.862,0.656,-2496.3,102091.0,-0.024,0.0,,,0.241,-12917.167,-3135.139,0.337,0.242
normalized_3fu4A_M305.pdb,,,0.625,0.745,0.436,0.63,,,0.286,0.724,0.483,0.69,0.862,0.862,0.717,-3997.24,108008.0,-0.037,0.0,,,0.388,-13631.347,-3471.929,0.415,0.286
normalized_3fu4A_M306.pdb,,,0.581,0.667,0.567,0.552,,,0.268,0.698,0.379,0.724,0.828,0.862,0.679,-3527.67,105080.0,-0.034,0.0,,,0.329,-12881.278,-2979.894,0.38,0.268
normalized_3fu4A_M307.pdb,,,0.456,0.385,0.655,0.412,,,0.296,0.733,0.414,0.793,0.862,0.862,0.653,-2894.36,108371.0,-0.027,0.0,,,0.248,-13299.068,-3324.297,0.397,0.296
normalized_3fu4A_M308.pdb,,,0.551,0.667,0.617,0.483,,,0.233,0.612,0.276,0.621,0.69,0.862,0.616,-2006.92,103028.0,-0.019,0.0,,,0.214,-12706.37,-3124.231,0.357,0.246
normalized_3fu4A_M309.pdb,,,0.558,0.577,0.463,0.617,,,0.237,0.603,0.31,0.552,0.724,0.828,0.665,-1616.99,104759.0,-0.015,0.0,,,0.295,-13171.915,-3114.258,0.376,0.238
normalized_3fu4A_M31.pdb,,,0.625,0.667,0.463,0.676,,,0.59,0.845,0.793,0.862,0.862,0.862,0.748,-6911.65,113481.0,-0.061,0.0,,,0.517,-15313.518,-4135.975,0.487,0.59
normalized_3fu4A_M310.pdb,,,0.502,0.577,0.267,0.54,,,0.269,0.707,0.448,0.69,0.828,0.862,0.664,-2556.18,107325.0,-0.024,0.0,,,0.268,-13626.888,-3476.175,0.395,0.269
normalized_3fu4A_M311.pdb,,,0.534,0.667,0.378,0.54,,,0.304,0.716,0.483,0.69,0.828,0.862,0.677,-3510.92,107190.0,-0.033,0.0,,,0.318,-13661.396,-3238.173,0.411,0.304
normalized_3fu4A_M312.pdb,,,0.593,0.577,0.655,0.577,,,0.251,0.672,0.379,0.655,0.793,0.862,0.653,-1237.4,107902.0,-0.011,0.0,,,0.253,-13145.513,-3251.64,0.392,0.25
normalized_3fu4A_M313.pdb,,,0.509,0.577,0.463,0.535,,,0.226,0.629,0.276,0.621,0.793,0.828,0.609,-796.316,100550.0,-0.008,0.0,,,0.264,-12332.163,-3122.974,0.354,0.222
normalized_3fu4A_M314.pdb,,,0.575,0.667,0.655,0.509,,,0.238,0.672,0.31,0.759,0.793,0.828,0.636,-657.3,107667.0,-0.006,0.0,,,0.261,-13609.345,-3364.231,0.382,0.238
normalized_3fu4A_M315.pdb,,,0.566,0.745,0.507,0.509,,,0.23,0.672,0.31,0.69,0.828,0.862,0.651,-1105.88,108470.0,-0.01,0.0,,,0.373,-13542.031,-3507.24,0.386,0.241
normalized_3fu4A_M316.pdb,,,0.542,0.667,0.567,0.483,,,0.214,0.621,0.345,0.552,0.724,0.862,0.664,-780.57,108054.0,-0.007,0.0,,,0.342,-13120.351,-3457.132,0.374,0.222
normalized_3fu4A_M317.pdb,,,0.483,0.577,0.463,0.488,,,0.308,0.724,0.448,0.759,0.828,0.862,0.662,-2420.76,105115.0,-0.023,0.0,,,0.261,-13041.285,-3168.019,0.386,0.311
normalized_3fu4A_M318.pdb,,,0.581,0.577,0.655,0.567,,,0.296,0.69,0.414,0.69,0.793,0.862,0.667,-3383.87,110730.0,-0.031,0.0,,,0.283,-13983.463,-3346.151,0.398,0.295
normalized_3fu4A_M319.pdb,,,0.616,0.667,0.655,0.582,,,0.276,0.69,0.379,0.69,0.828,0.862,0.671,-1827.6,106161.0,-0.017,0.0,,,0.325,-13297.457,-3411.85,0.396,0.275
normalized_3fu4A_M32.pdb,,,0.698,0.667,0.567,0.756,,,0.554,0.828,0.724,0.862,0.862,0.862,0.745,-7324.22,112788.0,-0.065,0.0,,,0.418,-15136.595,-3989.765,0.475,0.554
normalized_3fu4A_M320.pdb,,,0.493,0.667,0.378,0.463,,,0.28,0.69,0.379,0.69,0.828,0.862,0.644,-2274.94,101750.0,-0.022,0.0,,,0.219,-12167.61,-3119.753,0.341,0.28
normalized_3fu4A_M321.pdb,,,0.598,0.745,0.567,0.54,,,0.267,0.733,0.414,0.793,0.862,0.862,0.672,-3125.11,107892.0,-0.029,0.0,,,0.314,-13353.952,-3446.945,0.409,0.267
normalized_3fu4A_M322.pdb,,,0.427,0.385,0.436,0.445,,,0.31,0.698,0.448,0.69,0.828,0.828,0.639,-640.238,101731.0,-0.006,0.0,,,0.172,-12225.684,-3018.381,0.362,0.31
normalized_3fu4A_M323.pdb,,,0.502,0.577,0.267,0.54,,,0.293,0.698,0.379,0.724,0.828,0.862,0.644,-685.615,108422.0,-0.006,0.0,,,0.25,-13337.334,-3073.94,0.391,0.292
normalized_3fu4A_M324.pdb,,,0.581,0.68,0.567,0.54,,,0.289,0.69,0.448,0.655,0.793,0.862,0.663,-1194.04,99964.0,-0.012,0.0,,,0.266,-12136.266,-3089.105,0.354,0.289
normalized_3fu4A_M325.pdb,,,0.641,0.745,0.676,0.582,,,0.31,0.733,0.517,0.724,0.828,0.862,0.67,-1862.26,105701.0,-0.018,0.0,,,0.377,-13387.554,-3224.318,0.391,0.31
normalized_3fu4A_M326.pdb,,,0.638,0.667,0.436,0.69,,,0.252,0.672,0.379,0.621,0.828,0.862,0.664,-3310.88,105029.0,-0.032,0.0,,,0.339,-13183.138,-3277.229,0.389,0.253
normalized_3fu4A_M327.pdb,,,0.615,0.667,0.655,0.577,,,0.256,0.681,0.31,0.724,0.828,0.862,0.687,-4030.84,105596.0,-0.038,0.0,,,0.326,-13284.827,-3375.736,0.389,0.256
normalized_3fu4A_M328.pdb,,,0.566,0.745,0.309,0.617,,,0.277,0.672,0.414,0.586,0.828,0.862,0.696,-4149.29,104901.0,-0.04,0.0,,,0.395,-13836.707,-3533.447,0.406,0.281
normalized_3fu4A_M329.pdb,,,0.575,0.596,0.655,0.54,,,0.292,0.724,0.448,0.759,0.828,0.862,0.671,-2635.5,108332.0,-0.024,0.0,,,0.267,-13255.401,-3459.652,0.392,0.293
normalized_3fu4A_M33.pdb,,,0.72,0.667,0.655,0.764,,,0.619,0.853,0.828,0.862,0.862,0.862,0.726,-6432.11,113654.0,-0.057,0.0,,,0.449,-15106.974,-3985.905,0.476,0.619
normalized_3fu4A_M330.pdb,,,0.682,0.745,0.567,0.693,,,0.246,0.69,0.31,0.724,0.862,0.862,0.698,-2948.87,109304.0,-0.027,0.0,,,0.423,-13835.002,-3557.172,0.421,0.246
normalized_3fu4A_M331.pdb,,,0.49,0.667,0.429,0.463,,,0.263,0.612,0.379,0.586,0.69,0.793,0.649,-1855.5,99012.0,-0.019,0.0,,,0.362,-12774.432,-3067.135,0.371,0.262
normalized_3fu4A_M332.pdb,,,0.598,0.577,0.655,0.592,,,0.276,0.681,0.379,0.69,0.793,0.862,0.682,-2415.71,106358.0,-0.023,0.0,,,0.34,-13077.068,-3354.556,0.395,0.276
normalized_3fu4A_M333.pdb,,,0.426,0.667,0.463,0.309,,,0.295,0.741,0.483,0.793,0.828,0.862,0.683,-2313.78,109950.0,-0.021,0.0,,,0.284,-13322.911,-3317.142,0.4,0.295
normalized_3fu4A_M334.pdb,,,0.542,0.5,0.507,0.582,,,0.282,0.716,0.414,0.759,0.828,0.862,0.642,-2701.7,113491.0,-0.024,0.0,,,0.33,-14050.157,-3409.372,0.396,0.282
normalized_3fu4A_M335.pdb,,,0.552,0.667,0.436,0.54,,,0.219,0.664,0.276,0.69,0.828,0.862,0.669,-2470.74,104912.0,-0.024,0.0,,,0.32,-12990.489,-3273.034,0.389,0.219
normalized_3fu4A_M336.pdb,,,0.625,0.745,0.378,0.658,,,0.236,0.647,0.31,0.655,0.793,0.828,0.664,-2047.3,105960.0,-0.019,0.0,,,0.256,-13136.637,-2704.305,0.381,0.239
normalized_3fu4A_M337.pdb,,,0.493,0.667,0.463,0.445,,,0.177,0.612,0.241,0.517,0.828,0.862,0.669,-888.706,103701.0,-0.009,0.0,,,0.273,-12786.892,-3124.325,0.382,0.181
normalized_3fu4A_M338.pdb,,,0.493,0.577,0.617,0.412,,,0.217,0.647,0.276,0.621,0.828,0.862,0.657,-1585.32,105205.0,-0.015,0.0,,,0.228,-12632.497,-3286.923,0.372,0.22
normalized_3fu4A_M339.pdb,,,0.478,0.544,0.378,0.495,,,0.262,0.681,0.414,0.655,0.793,0.862,0.62,-340.484,105868.0,-0.003,0.0,,,0.301,-13010.111,-3261.639,0.373,0.262
normalized_3fu4A_M34.pdb,,,0.746,0.745,0.617,0.794,,,0.593,0.845,0.793,0.862,0.862,0.862,0.773,-7325.88,112807.0,-0.065,0.0,,,0.609,-15809.365,-4236.797,0.471,0.593
normalized_3fu4A_M340.pdb,,,0.638,0.745,0.267,0.69,,,0.258,0.681,0.379,0.655,0.828,0.862,0.671,-2293.75,105948.0,-0.022,0.0,,,0.344,-13131.8,-3452.139,0.395,0.258
normalized_3fu4A_M341.pdb,,,0.558,0.667,0.378,0.582,,,0.302,0.724,0.448,0.759,0.828,0.862,0.636,-2548.05,109206.0,-0.023,0.0,,,0.277,-13565.972,-3365.324,0.395,0.302
normalized_3fu4A_M342.pdb,,,0.659,0.745,0.567,0.655,,,0.262,0.69,0.379,0.69,0.828,0.862,0.67,-1526.66,105231.0,-0.015,0.0,,,0.299,-13242.595,-3234.384,0.399,0.261
normalized_3fu4A_M343.pdb,,,0.62,0.745,0.617,0.577,,,0.271,0.681,0.345,0.69,0.828,0.862,0.679,-2497.24,106017.0,-0.024,0.0,,,0.306,-13087.669,-3247.447,0.392,0.271
normalized_3fu4A_M344.pdb,,,0.566,0.667,0.218,0.63,,,0.218,0.629,0.31,0.552,0.793,0.862,0.629,-1894.22,105421.0,-0.018,0.0,,,0.299,-13216.956,-3206.634,0.384,0.238
normalized_3fu4A_M345.pdb,,,0.581,0.577,0.463,0.655,,,0.242,0.681,0.31,0.69,0.862,0.862,0.691,-3578.22,105486.0,-0.034,0.0,,,0.271,-13175.774,-3170.095,0.388,0.242
normalized_3fu4A_M346.pdb,,,0.411,0.577,0.338,0.386,,,0.249,0.664,0.276,0.655,0.862,0.862,0.663,-2616.69,110994.0,-0.024,0.0,,,0.27,-13876.915,-3542.616,0.395,0.249
normalized_3fu4A_M347.pdb,,,0.574,0.667,0.463,0.592,,,0.302,0.716,0.448,0.724,0.828,0.862,0.692,-3899.88,109394.0,-0.036,0.0,,,0.367,-14082.773,-3423.098,0.403,0.302
normalized_3fu4A_M348.pdb,,,0.598,0.667,0.507,0.617,,,0.236,0.681,0.31,0.759,0.828,0.828,0.659,-1687.13,103320.0,-0.016,0.0,,,0.327,-13115.881,-3307.604,0.383,0.236
normalized_3fu4A_M349.pdb,,,0.551,0.5,0.507,0.592,,,0.223,0.672,0.276,0.69,0.862,0.862,0.659,-2036.48,106028.0,-0.019,0.0,,,0.313,-13170.074,-3325.905,0.391,0.224
normalized_3fu4A_M35.pdb,,,0.617,0.596,0.507,0.666,,,0.57,0.828,0.759,0.828,0.862,0.862,0.742,-5759.71,112073.0,-0.051,0.0,,,0.414,-14545.38,-3795.38,0.471,0.57
normalized_3fu4A_M350.pdb,,,0.382,0.471,0.189,0.436,,,0.275,0.681,0.379,0.655,0.828,0.862,0.664,-2485.12,108142.0,-0.023,0.0,,,0.292,-13400.94,-3286.819,0.386,0.275
normalized_3fu4A_M351.pdb,,,0.558,0.577,0.567,0.552,,,0.3,0.698,0.448,0.69,0.828,0.828,0.675,-1831.41,107168.0,-0.017,0.0,,,0.28,-13167.145,-3272.438,0.388,0.3
normalized_3fu4A_M352.pdb,,,0.534,0.667,0.507,0.495,,,0.238,0.655,0.345,0.655,0.793,0.828,0.647,-365.192,101842.0,-0.004,0.0,,,0.254,-12425.108,-3155.722,0.383,0.237
normalized_3fu4A_M353.pdb,,,0.616,0.577,0.567,0.655,,,0.219,0.655,0.31,0.655,0.828,0.828,0.666,-887.501,100973.0,-0.009,0.0,,,0.282,-12220.351,-3058.721,0.371,0.219
normalized_3fu4A_M354.pdb,,,0.483,0.577,0.567,0.412,,,0.296,0.707,0.414,0.724,0.828,0.862,0.662,-2259.6,104348.0,-0.022,0.0,,,0.296,-12915.519,-3463.925,0.386,0.295
normalized_3fu4A_M355.pdb,,,0.581,0.667,0.676,0.509,,,0.252,0.69,0.345,0.69,0.862,0.862,0.655,-2162.28,104152.0,-0.021,0.0,,,0.376,-13159.498,-3486.541,0.399,0.252
normalized_3fu4A_M356.pdb,,,0.588,0.667,0.676,0.526,,,0.309,0.698,0.448,0.69,0.828,0.828,0.687,-2638.13,106282.0,-0.025,0.0,,,0.382,-13610.558,-3330.643,0.397,0.309
normalized_3fu4A_M357.pdb,,,0.411,0.577,0.338,0.386,,,0.248,0.681,0.379,0.655,0.828,0.862,0.682,-2869.33,107208.0,-0.027,0.0,,,0.258,-13301.668,-3337.898,0.393,0.248
normalized_3fu4A_M358.pdb,,,0.475,0.667,0.218,0.488,,,0.196,0.647,0.276,0.655,0.828,0.828,0.643,-1561.14,107635.0,-0.015,0.0,,,0.319,-13341.085,-3389.888,0.39,0.196
normalized_3fu4A_M359.pdb,,,0.542,0.667,0.338,0.582,,,0.225,0.647,0.31,0.621,0.793,0.862,0.652,151.991,104498.0,0.001,0.0,,,0.305,-13101.607,-3172.985,0.383,0.225
normalized_3fu4A_M36.pdb,,,0.686,0.745,0.507,0.726,,,0.619,0.845,0.793,0.862,0.862,0.862,0.77,-6534.39,112520.0,-0.058,0.0,,,0.559,-15182.814,-3871.55,0.483,0.619
normalized_3fu4A_M360.pdb,,,0.641,0.667,0.567,0.658,,,0.249,0.664,0.31,0.655,0.828,0.862,0.634,-1992.72,104906.0,-0.019,0.0,,,0.396,-13520.408,-3393.052,0.394,0.249
normalized_3fu4A_M361.pdb,,,0.465,0.471,0.429,0.509,,,0.266,0.681,0.345,0.69,0.828,0.862,0.663,-2311.28,107331.0,-0.022,0.0,,,0.268,-13139.19,-3290.379,0.394,0.265
normalized_3fu4A_M362.pdb,,,0.569,0.667,0.655,0.488,,,0.176,0.621,0.276,0.517,0.828,0.862,0.643,-1837.9,104115.0,-0.018,0.0,,,0.284,-12676.468,-3394.797,0.379,0.176
normalized_3fu4A_M363.pdb,,,0.478,0.667,0.378,0.436,,,0.265,0.681,0.379,0.655,0.828,0.862,0.633,-1142.91,105314.0,-0.011,0.0,,,0.349,-12777.141,-3303.996,0.38,0.265
normalized_3fu4A_M364.pdb,,,0.483,0.667,0.507,0.39,,,0.26,0.664,0.31,0.655,0.828,0.862,0.675,-1929.12,106317.0,-0.018,0.0,,,0.243,-13573.194,-3471.609,0.397,0.26
normalized_3fu4A_M365.pdb,,,0.552,0.667,0.567,0.495,,,0.242,0.647,0.31,0.655,0.793,0.828,0.655,-1531.48,102568.0,-0.015,0.0,,,0.245,-12577.721,-3020.484,0.366,0.252
normalized_3fu4A_M366.pdb,,,0.452,0.667,0.378,0.386,,,0.235,0.621,0.276,0.517,0.828,0.862,0.637,57.528,107776.0,0.001,0.0,,,0.342,-13333.883,-3343.717,0.379,0.238
normalized_3fu4A_M367.pdb,,,0.566,0.745,0.507,0.509,,,0.284,0.716,0.448,0.69,0.862,0.862,0.691,-3023.46,107347.0,-0.028,0.0,,,0.342,-13605.157,-3374.699,0.402,0.284
normalized_3fu4A_M368.pdb,,,0.552,0.745,0.655,0.412,,,0.256,0.681,0.379,0.69,0.828,0.828,0.642,-275.115,101069.0,-0.003,0.0,,,0.221,-12788.935,-3205.168,0.364,0.251
normalized_3fu4A_M369.pdb,,,0.603,0.667,0.655,0.567,,,0.216,0.655,0.31,0.586,0.862,0.862,0.683,-2861.16,100916.0,-0.028,0.0,,,0.335,-12873.837,-3087.778,0.389,0.216
normalized_3fu4A_M37.pdb,,,0.548,0.577,0.463,0.583,,,0.447,0.819,0.69,0.862,0.862,0.862,0.751,-5887.65,113197.0,-0.052,0.0,,,0.365,-14890.889,-3854.979,0.424,0.447
normalized_3fu4A_M370.pdb,,,0.52,0.577,0.535,0.488,,,0.268,0.69,0.345,0.724,0.828,0.862,0.619,-2331.87,113842.0,-0.02,0.0,,,0.212,-13941.49,-3492.603,0.374,0.27
normalized_3fu4A_M371.pdb,,,0.558,0.577,0.436,0.592,,,0.231,0.629,0.31,0.586,0.793,0.828,0.638,-917.225,102288.0,-0.009,0.0,,,0.252,-12893.42,-3092.394,0.379,0.229
normalized_3fu4A_M372.pdb,,,0.365,0.577,0.338,0.293,,,0.271,0.664,0.379,0.586,0.828,0.862,0.657,-2092.29,109710.0,-0.019,0.0,,,0.258,-13727.763,-3351.416,0.384,0.267
normalized_3fu4A_M373.pdb,,,0.424,0.667,0.463,0.293,,,0.225,0.621,0.31,0.621,0.724,0.828,0.604,-437.183,105630.0,-0.004,0.0,,,0.262,-12659.616,-3145.694,0.353,0.213
normalized_3fu4A_M374.pdb,,,0.395,0.577,0.338,0.356,,,0.233,0.672,0.31,0.69,0.828,0.862,0.622,421.081,105312.0,0.004,0.0,,,0.278,-12725.245,-3253.855,0.379,0.232
normalized_3fu4A_M375.pdb,,,0.679,0.745,0.655,0.658,,,0.237,0.655,0.345,0.586,0.828,0.862,0.673,-1091.46,109143.0,-0.01,0.0,,,0.309,-13318.626,-3209.818,0.387,0.239
normalized_3fu4A_M376.pdb,,,0.575,0.667,0.436,0.582,,,0.219,0.672,0.31,0.655,0.862,0.862,0.649,-1606.69,104217.0,-0.015,0.0,,,0.266,-13167.889,-3221.767,0.375,0.219
normalized_3fu4A_M377.pdb,,,0.603,0.667,0.436,0.63,,,0.309,0.681,0.448,0.621,0.793,0.862,0.627,-1065.34,103010.0,-0.01,0.0,,,0.317,-12433.986,-2951.579,0.373,0.312
normalized_3fu4A_M378.pdb,,,0.528,0.667,0.338,0.552,,,0.222,0.638,0.31,0.586,0.793,0.862,0.701,-3541.23,100656.0,-0.035,0.0,,,0.267,-13100.195,-3078.171,0.396,0.222
normalized_3fu4A_M379.pdb,,,0.575,0.745,0.378,0.577,,,0.269,0.681,0.345,0.69,0.828,0.862,0.686,-2463.09,105255.0,-0.023,0.0,,,0.258,-13152.292,-3301.926,0.381,0.269
normalized_3fu4A_M38.pdb,,,0.551,0.667,0.463,0.552,,,0.526,0.828,0.724,0.862,0.862,0.862,0.726,-6482.84,113438.0,-0.057,0.0,,,0.41,-14756.234,-3715.978,0.466,0.526
normalized_3fu4A_M380.pdb,,,0.515,0.447,0.507,0.552,,,0.194,0.647,0.241,0.621,0.862,0.862,0.683,-2850.44,111375.0,-0.026,0.0,,,0.266,-13757.899,-3363.155,0.397,0.194
normalized_3fu4A_M381.pdb,,,0.598,0.745,0.507,0.577,,,0.273,0.69,0.414,0.724,0.793,0.828,0.641,-1152.26,102821.0,-0.011,0.0,,,0.311,-12600.927,-3133.941,0.371,0.283
normalized_3fu4A_M382.pdb,,,0.475,0.5,0.436,0.488,,,0.226,0.638,0.345,0.621,0.724,0.862,0.658,-2793.81,96030.0,-0.029,0.0,,,0.28,-12285.802,-3010.723,0.363,0.226
normalized_3fu4A_M383.pdb,,,0.558,0.667,0.378,0.582,,,0.22,0.612,0.31,0.586,0.759,0.793,0.643,-90.95,103060.0,-0.001,0.0,,,0.342,-12863.363,-3073.532,0.365,0.221
normalized_3fu4A_M384.pdb,,,0.416,0.667,0.267,0.327,,,0.188,0.552,0.241,0.483,0.655,0.828,0.623,-1774.61,92014.0,-0.019,0.0,,,0.209,-11476.003,-2873.167,0.322,0.193
normalized_3fu4A_M385.pdb,,,0.598,0.667,0.567,0.582,,,0.334,0.733,0.517,0.759,0.793,0.862,0.671,-2173.36,105299.0,-0.021,0.0,,,0.277,-13215.223,-3187.736,0.393,0.333
normalized_3fu4A_M386.pdb,,,0.41,0.471,0.378,0.412,,,0.197,0.603,0.31,0.517,0.759,0.828,0.628,943.573,102426.0,0.009,0.0,,,0.229,-12379.104,-3259.773,0.351,0.206
normalized_3fu4A_M387.pdb,,,0.641,0.745,0.567,0.621,,,0.299,0.698,0.379,0.724,0.828,0.862,0.683,-3306.33,110289.0,-0.03,0.0,,,0.372,-13876.163,-3344.2,0.407,0.3
normalized_3fu4A_M388.pdb,,,0.638,0.667,0.567,0.655,,,0.228,0.629,0.345,0.552,0.759,0.862,0.695,-2978.76,99711.0,-0.03,0.0,,,0.242,-12805.914,-3048.214,0.381,0.227
normalized_3fu4A_M389.pdb,,,0.496,0.667,0.436,0.436,,,0.215,0.655,0.276,0.621,0.862,0.862,0.655,-1952.52,102186.0,-0.019,0.0,,,0.202,-12350.816,-3062.874,0.367,0.212
normalized_3fu4A_M39.pdb,,,0.617,0.667,0.617,0.605,,,0.564,0.828,0.759,0.828,0.862,0.862,0.748,-6454.76,113543.0,-0.057,0.0,,,0.495,-15215.684,-3889.856,0.432,0.564
normalized_3fu4A_M390.pdb,,,0.625,0.745,0.676,0.552,,,0.311,0.741,0.448,0.793,0.862,0.862,0.704,-3863.85,108176.0,-0.036,0.0,,,0.379,-13990.661,-3573.266,0.416,0.311
normalized_3fu4A_M391.pdb,,,0.558,0.667,0.507,0.54,,,0.305,0.698,0.483,0.655,0.828,0.828,0.627,-1818.86,105996.0,-0.017,0.0,,,0.292,-13567.969,-3171.772,0.377,0.307
normalized_3fu4A_M392.pdb,,,0.427,0.577,0.436,0.356,,,0.182,0.586,0.172,0.483,0.828,0.862,0.624,261.73,103792.0,0.003,0.0,,,0.229,-12630.504,-3088.473,0.364,0.183
normalized_3fu4A_M393.pdb,,,0.424,0.471,0.189,0.509,,,0.23,0.629,0.31,0.621,0.793,0.793,0.616,-381.952,102758.0,-0.004,0.0,,,0.197,-12771.508,-3044.636,0.357,0.234
normalized_3fu4A_M394.pdb,,,0.575,0.745,0.267,0.582,,,0.193,0.638,0.241,0.655,0.793,0.862,0.636,-1719.06,105783.0,-0.016,0.0,,,0.326,-13573.454,-3374.985,0.392,0.193
normalized_3fu4A_M395.pdb,,,0.552,0.667,0.378,0.577,,,0.254,0.681,0.379,0.655,0.828,0.862,0.64,-1534.4,99917.0,-0.015,0.0,,,0.286,-12302.693,-3144.747,0.377,0.254
normalized_3fu4A_M396.pdb,,,0.467,0.577,0.378,0.463,,,0.218,0.621,0.241,0.586,0.793,0.862,0.666,-1963.15,103511.0,-0.019,0.0,,,0.238,-13059.429,-3134.608,0.383,0.216
normalized_3fu4A_M397.pdb,,,0.456,0.667,0.338,0.436,,,0.141,0.526,0.207,0.345,0.69,0.862,0.607,507.482,113964.0,0.004,0.0,,,0.212,-13352.534,-3287.149,0.365,0.129
normalized_3fu4A_M398.pdb,,,0.496,0.471,0.535,0.495,,,0.264,0.724,0.448,0.759,0.828,0.862,0.627,-2202.42,102847.0,-0.021,0.0,,,0.237,-12211.145,-2999.636,0.366,0.264
normalized_3fu4A_M399.pdb,,,0.446,0.471,0.535,0.412,,,0.266,0.638,0.379,0.586,0.724,0.862,0.642,-824.282,100924.0,-0.008,0.0,,,0.238,-12624.137,-2995.275,0.369,0.266
normalized_3fu4A_M4.pdb,,,0.839,0.745,0.857,0.873,,,0.798,0.862,0.862,0.862,0.862,0.862,0.788,-7925.44,112479.0,-0.07,0.0,,,0.639,-16049.167,-4471.361,0.523,0.798
normalized_3fu4A_M40.pdb,,,0.596,0.577,0.463,0.666,,,0.632,0.862,0.862,0.862,0.862,0.862,0.754,-7286.62,112299.0,-0.065,0.0,,,0.433,-14931.19,-3929.13,0.48,0.632
normalized_3fu4A_M400.pdb,,,0.575,0.667,0.676,0.495,,,0.281,0.672,0.379,0.621,0.828,0.862,0.629,-1779.79,108351.0,-0.016,0.0,,,0.302,-13478.171,-3107.584,0.393,0.275
normalized_3fu4A_M401.pdb,,,0.552,0.667,0.378,0.577,,,0.252,0.638,0.345,0.586,0.793,0.828,0.633,-763.314,106797.0,-0.007,0.0,,,0.299,-13392.864,-3207.498,0.396,0.251
normalized_3fu4A_M402.pdb,,,0.534,0.667,0.567,0.463,,,0.213,0.629,0.276,0.621,0.793,0.828,0.621,-888.601,100606.0,-0.009,0.0,,,0.346,-12474.52,-3489.138,0.367,0.199
normalized_3fu4A_M403.pdb,,,0.502,0.471,0.567,0.495,,,0.229,0.672,0.31,0.69,0.828,0.862,0.655,-1759.1,103962.0,-0.017,0.0,,,0.229,-12413.123,-3122.843,0.375,0.228
normalized_3fu4A_M404.pdb,,,0.641,0.667,0.617,0.655,,,0.231,0.681,0.345,0.69,0.828,0.862,0.646,-1868.15,105871.0,-0.018,0.0,,,0.357,-13344.351,-3278.372,0.379,0.231
normalized_3fu4A_M405.pdb,,,0.575,0.667,0.617,0.535,,,0.203,0.647,0.31,0.621,0.793,0.862,0.659,-1812.8,106785.0,-0.017,0.0,,,0.288,-12886.825,-3420.801,0.385,0.203
normalized_3fu4A_M406.pdb,,,0.41,0.577,0.378,0.356,,,0.222,0.638,0.276,0.621,0.828,0.828,0.627,-1248.87,108393.0,-0.012,0.0,,,0.247,-12891.047,-3030.146,0.372,0.222
normalized_3fu4A_M407.pdb,,,0.475,0.5,0.535,0.445,,,0.253,0.647,0.31,0.621,0.793,0.862,0.639,-950.132,110561.0,-0.009,0.0,,,0.273,-12942.923,-3074.906,0.366,0.253
normalized_3fu4A_M408.pdb,,,0.518,0.447,0.535,0.552,,,0.296,0.733,0.414,0.793,0.862,0.862,0.703,-2896.12,108455.0,-0.027,0.0,,,0.308,-13423.205,-3285.649,0.403,0.296
normalized_3fu4A_M409.pdb,,,0.399,0.577,0.286,0.412,,,0.254,0.681,0.379,0.621,0.862,0.862,0.66,-1680.46,104662.0,-0.016,0.0,,,0.253,-12574.34,-3400.097,0.367,0.254
normalized_3fu4A_M41.pdb,,,0.61,0.667,0.567,0.605,,,0.568,0.853,0.828,0.862,0.862,0.862,0.755,-7107.93,113024.0,-0.063,0.0,,,0.489,-15387.342,-4149.712,0.477,0.568
normalized_3fu4A_M410.pdb,,,0.527,0.745,0.378,0.488,,,0.263,0.664,0.379,0.621,0.793,0.862,0.638,-1182.38,108084.0,-0.011,0.0,,,0.304,-13249.122,-3346.892,0.379,0.263
normalized_3fu4A_M411.pdb,,,0.552,0.667,0.378,0.577,,,0.197,0.595,0.276,0.517,0.724,0.862,0.659,-2791.21,102054.0,-0.027,0.0,,,0.221,-12794.704,-3098.215,0.368,0.214
normalized_3fu4A_M412.pdb,,,0.534,0.667,0.507,0.495,,,0.209,0.629,0.31,0.586,0.793,0.828,0.651,-399.931,97613.0,-0.004,0.0,,,0.292,-12257.51,-3076.099,0.368,0.209
normalized_3fu4A_M413.pdb,,,0.502,0.745,0.535,0.356,,,0.208,0.664,0.379,0.655,0.793,0.828,0.63,-1036.06,102968.0,-0.01,0.0,,,0.293,-12393.666,-2964.381,0.362,0.211
normalized_3fu4A_M414.pdb,,,0.566,0.745,0.463,0.54,,,0.222,0.655,0.31,0.621,0.828,0.862,0.633,-1355.7,101055.0,-0.013,0.0,,,0.294,-12546.918,-3064.034,0.372,0.222
normalized_3fu4A_M415.pdb,,,0.439,0.471,0.338,0.495,,,0.2,0.621,0.31,0.483,0.828,0.862,0.638,-1698.76,106811.0,-0.016,0.0,,,0.197,-13089.796,-3219.766,0.361,0.2
normalized_3fu4A_M416.pdb,,,0.502,0.471,0.567,0.495,,,0.241,0.664,0.31,0.655,0.828,0.862,0.639,-1395.83,109303.0,-0.013,0.0,,,0.244,-13538.21,-3393.691,0.383,0.241
normalized_3fu4A_M417.pdb,,,0.547,0.667,0.436,0.535,,,0.223,0.672,0.31,0.655,0.862,0.862,0.653,-757.004,105464.0,-0.007,0.0,,,0.291,-12815.105,-3269.717,0.388,0.223
normalized_3fu4A_M418.pdb,,,0.62,0.577,0.756,0.592,,,0.19,0.595,0.241,0.517,0.793,0.828,0.642,-935.749,103044.0,-0.009,0.0,,,0.246,-12710.2,-3119.975,0.364,0.203
normalized_3fu4A_M419.pdb,,,0.534,0.577,0.378,0.582,,,0.198,0.612,0.241,0.621,0.759,0.828,0.601,1250.27,105376.0,0.012,0.0,,,0.279,-12470.581,-3142.953,0.356,0.192
normalized_3fu4A_M42.pdb,,,0.491,0.5,0.507,0.484,,,0.532,0.836,0.793,0.828,0.862,0.862,0.714,-5852.48,111522.0,-0.052,0.0,,,0.304,-14262.386,-3630.624,0.443,0.532
normalized_3fu4A_M420.pdb,,,0.552,0.577,0.567,0.54,,,0.264,0.655,0.345,0.621,0.793,0.862,0.624,-622.689,98563.0,-0.006,0.0,,,0.207,-11927.078,-3086.821,0.347,0.264
normalized_3fu4A_M421.pdb,,,0.456,0.333,0.378,0.54,,,0.305,0.698,0.414,0.655,0.862,0.862,0.651,-1605.61,107925.0,-0.015,0.0,,,0.206,-13151.869,-3299.845,0.38,0.305
normalized_3fu4A_M422.pdb,,,0.641,0.745,0.567,0.621,,,0.23,0.629,0.276,0.621,0.793,0.828,0.624,288.576,101182.0,0.003,0.0,,,0.372,-12993.392,-3323.579,0.382,0.229
normalized_3fu4A_M423.pdb,,,0.496,0.577,0.436,0.488,,,0.232,0.655,0.345,0.621,0.793,0.862,0.641,-934.851,103723.0,-0.009,0.0,,,0.283,-12805.777,-3279.302,0.375,0.231
normalized_3fu4A_M424.pdb,,,0.603,0.745,0.567,0.552,,,0.245,0.69,0.345,0.724,0.828,0.862,0.652,-2920.77,105467.0,-0.028,0.0,,,0.332,-13177.984,-3500.642,0.391,0.246
normalized_3fu4A_M425.pdb,,,0.598,0.745,0.567,0.54,,,0.285,0.698,0.448,0.655,0.828,0.862,0.674,-2282.66,105876.0,-0.022,0.0,,,0.269,-13296.044,-3342.254,0.383,0.303
normalized_3fu4A_M426.pdb,,,0.424,0.471,0.338,0.463,,,0.178,0.603,0.207,0.552,0.828,0.828,0.604,-964.73,108143.0,-0.009,0.0,,,0.253,-13328.846,-3351.726,0.365,0.178
normalized_3fu4A_M427.pdb,,,0.558,0.667,0.507,0.54,,,0.217,0.655,0.31,0.586,0.862,0.862,0.642,-1737.07,104237.0,-0.017,0.0,,,0.322,-12852.186,-3381.837,0.378,0.217
normalized_3fu4A_M428.pdb,,,0.496,0.577,0.655,0.39,,,0.186,0.629,0.276,0.552,0.828,0.862,0.659,-1785.47,106066.0,-0.017,0.0,,,0.261,-12970.747,-3213.96,0.356,0.2
normalized_3fu4A_M429.pdb,,,0.439,0.577,0.378,0.414,,,0.197,0.612,0.276,0.586,0.759,0.828,0.608,1011.36,100386.0,0.01,0.0,,,0.22,-12159.303,-2791.168,0.35,0.189
normalized_3fu4A_M43.pdb,,,0.588,0.577,0.507,0.63,,,0.551,0.845,0.793,0.862,0.862,0.862,0.727,-6174.18,112720.0,-0.055,0.0,,,0.417,-14369.873,-3688.255,0.466,0.551
normalized_3fu4A_M430.pdb,,,0.493,0.577,0.189,0.582,,,0.265,0.69,0.345,0.69,0.862,0.862,0.644,-2114.89,105045.0,-0.02,0.0,,,0.269,-12829.581,-3399.461,0.366,0.278
normalized_3fu4A_M431.pdb,,,0.518,0.667,0.436,0.483,,,0.215,0.612,0.276,0.621,0.724,0.828,0.64,-2246.07,95816.0,-0.023,0.0,,,0.213,-11910.37,-2789.733,0.343,0.214
normalized_3fu4A_M432.pdb,,,0.575,0.667,0.567,0.54,,,0.254,0.681,0.379,0.69,0.828,0.828,0.656,-1646.34,111188.0,-0.015,0.0,,,0.291,-13212.616,-3349.811,0.388,0.254
normalized_3fu4A_M433.pdb,,,0.527,0.577,0.436,0.54,,,0.205,0.621,0.276,0.552,0.793,0.862,0.648,-740.949,104120.0,-0.007,0.0,,,0.231,-12811.318,-3114.713,0.382,0.205
normalized_3fu4A_M434.pdb,,,0.395,0.577,0.338,0.356,,,0.226,0.655,0.345,0.552,0.862,0.862,0.635,-2528.59,101621.0,-0.025,0.0,,,0.201,-12590.858,-3075.905,0.349,0.226
normalized_3fu4A_M435.pdb,,,0.534,0.471,0.617,0.54,,,0.26,0.629,0.345,0.621,0.759,0.793,0.645,-1011.53,100970.0,-0.01,0.0,,,0.228,-12694.096,-2989.509,0.37,0.261
normalized_3fu4A_M436.pdb,,,0.438,0.577,0.378,0.39,,,0.272,0.707,0.379,0.759,0.828,0.862,0.627,-766.174,101748.0,-0.008,0.0,,,0.234,-12566.812,-3217.236,0.372,0.272
normalized_3fu4A_M437.pdb,,,0.558,0.667,0.378,0.582,,,0.314,0.716,0.448,0.793,0.793,0.828,0.647,-1031.24,102407.0,-0.01,0.0,,,0.326,-13054.42,-3113.042,0.389,0.314
normalized_3fu4A_M438.pdb,,,0.509,0.577,0.436,0.509,,,0.209,0.621,0.276,0.621,0.759,0.828,0.605,379.774,98028.0,0.004,0.0,,,0.207,-11845.998,-2777.486,0.349,0.207
normalized_3fu4A_M439.pdb,,,0.594,0.577,0.436,0.655,,,0.264,0.664,0.345,0.69,0.793,0.828,0.635,-1034.8,105238.0,-0.01,0.0,,,0.29,-12971.554,-3263.333,0.383,0.258
normalized_3fu4A_M44.pdb,,,0.583,0.667,0.507,0.583,,,0.61,0.853,0.828,0.862,0.862,0.862,0.761,-6640.0,113650.0,-0.058,0.0,,,0.481,-14855.367,-3890.362,0.421,0.61
normalized_3fu4A_M440.pdb,,,0.509,0.577,0.507,0.495,,,0.252,0.69,0.31,0.724,0.862,0.862,0.64,-3080.03,107936.0,-0.029,0.0,,,0.282,-13742.865,-3474.096,0.386,0.252
normalized_3fu4A_M441.pdb,,,0.52,0.577,0.378,0.535,,,0.206,0.655,0.241,0.655,0.862,0.862,0.645,706.322,106400.0,0.007,0.0,,,0.224,-12378.578,-3055.009,0.363,0.213
normalized_3fu4A_M442.pdb,,,0.551,0.667,0.463,0.552,,,0.307,0.698,0.379,0.724,0.828,0.862,0.66,-1443.71,100813.0,-0.014,0.0,,,0.324,-13084.771,-3081.8,0.39,0.307
normalized_3fu4A_M443.pdb,,,0.581,0.577,0.567,0.592,,,0.249,0.629,0.345,0.552,0.793,0.828,0.649,-1212.81,100075.0,-0.012,0.0,,,0.262,-12679.647,-3047.955,0.377,0.249
normalized_3fu4A_M444.pdb,,,0.416,0.333,0.436,0.445,,,0.135,0.534,0.207,0.414,0.69,0.828,0.571,1993.79,106616.0,0.019,0.0,,,0.201,-12355.251,-3004.091,0.344,0.135
normalized_3fu4A_M445.pdb,,,0.552,0.577,0.567,0.54,,,0.196,0.621,0.241,0.586,0.793,0.862,0.65,-1058.99,101689.0,-0.01,0.0,,,0.217,-12008.24,-2943.414,0.366,0.201
normalized_3fu4A_M446.pdb,,,0.456,0.577,0.507,0.39,,,0.222,0.629,0.276,0.586,0.793,0.862,0.628,-1331.18,102156.0,-0.013,0.0,,,0.217,-12373.316,-3069.619,0.355,0.222
normalized_3fu4A_M447.pdb,,,0.558,0.667,0.507,0.54,,,0.203,0.586,0.276,0.483,0.724,0.862,0.644,-1104.65,100077.0,-0.011,0.0,,,0.284,-12804.753,-3103.615,0.367,0.226
normalized_3fu4A_M448.pdb,,,0.534,0.667,0.378,0.54,,,0.237,0.655,0.31,0.621,0.828,0.862,0.646,-1955.5,108385.0,-0.018,0.0,,,0.303,-13250.786,-3238.15,0.384,0.237
normalized_3fu4A_M449.pdb,,,0.558,0.667,0.378,0.582,,,0.266,0.672,0.345,0.724,0.793,0.828,0.644,-1588.7,106187.0,-0.015,0.0,,,0.264,-12670.763,-3061.603,0.379,0.266
normalized_3fu4A_M45.pdb,,,0.671,0.667,0.567,0.709,,,0.614,0.828,0.759,0.828,0.862,0.862,0.743,-6309.74,111292.0,-0.057,0.0,,,0.517,-14786.145,-3823.069,0.451,0.614
normalized_3fu4A_M450.pdb,,,0.547,0.577,0.567,0.535,,,0.197,0.629,0.276,0.621,0.793,0.828,0.652,-617.989,98141.0,-0.006,0.0,,,0.183,-12097.654,-2949.472,0.352,0.197
normalized_3fu4A_M451.pdb,,,0.603,0.667,0.378,0.658,,,0.243,0.664,0.345,0.655,0.828,0.828,0.658,-1999.78,104289.0,-0.019,0.0,,,0.294,-13148.887,-3377.408,0.383,0.255
normalized_3fu4A_M452.pdb,,,0.291,0.333,0.436,0.218,,,0.191,0.586,0.241,0.517,0.724,0.862,0.596,209.406,108445.0,0.002,0.0,,,0.197,-12659.185,-3024.431,0.343,0.195
normalized_3fu4A_M453.pdb,,,0.452,0.5,0.567,0.386,,,0.188,0.612,0.241,0.517,0.828,0.862,0.616,-968.81,109974.0,-0.009,0.0,,,0.213,-13160.125,-3284.343,0.36,0.187
normalized_3fu4A_M454.pdb,,,0.452,0.577,0.267,0.461,,,0.162,0.612,0.207,0.552,0.828,0.862,0.636,-1232.11,103898.0,-0.012,0.0,,,0.262,-12630.592,-3285.455,0.371,0.162
normalized_3fu4A_M455.pdb,,,0.502,0.667,0.535,0.412,,,0.227,0.655,0.276,0.69,0.828,0.828,0.648,-1637.17,100522.0,-0.016,0.0,,,0.3,-12478.557,-3126.962,0.376,0.227
normalized_3fu4A_M456.pdb,,,0.493,0.667,0.567,0.386,,,0.22,0.621,0.31,0.586,0.759,0.828,0.611,-263.696,102468.0,-0.003,0.0,,,0.205,-12835.828,-3156.948,0.355,0.231
normalized_3fu4A_M457.pdb,,,0.452,0.577,0.463,0.412,,,0.189,0.569,0.207,0.448,0.793,0.828,0.602,203.851,102672.0,0.002,0.0,,,0.241,-11702.133,-2982.359,0.347,0.184
normalized_3fu4A_M458.pdb,,,0.659,0.745,0.567,0.655,,,0.279,0.69,0.448,0.69,0.793,0.828,0.663,-1333.38,100518.0,-0.013,0.0,,,0.326,-12799.508,-3279.966,0.379,0.279
normalized_3fu4A_M459.pdb,,,0.478,0.577,0.378,0.483,,,0.318,0.716,0.517,0.69,0.828,0.828,0.678,-2112.31,106726.0,-0.02,0.0,,,0.247,-13378.501,-3291.085,0.378,0.318
normalized_3fu4A_M46.pdb,,,0.659,0.667,0.655,0.658,,,0.483,0.828,0.759,0.828,0.862,0.862,0.729,-5641.52,110486.0,-0.051,0.0,,,0.361,-14306.383,-3617.279,0.275,0.483
normalized_3fu4A_M460.pdb,,,0.594,0.667,0.567,0.577,,,0.155,0.595,0.207,0.483,0.828,0.862,0.623,420.887,106143.0,0.004,0.0,,,0.279,-12711.568,-3189.151,0.366,0.16
normalized_3fu4A_M461.pdb,,,0.509,0.667,0.218,0.54,,,0.22,0.603,0.276,0.552,0.724,0.862,0.66,-2457.97,105482.0,-0.023,0.0,,,0.318,-13675.544,-3513.288,0.372,0.22
normalized_3fu4A_M462.pdb,,,0.496,0.333,0.535,0.54,,,0.222,0.672,0.31,0.759,0.793,0.828,0.617,-586.648,102103.0,-0.006,0.0,,,0.194,-12414.145,-2993.993,0.356,0.22
normalized_3fu4A_M463.pdb,,,0.373,0.471,0.436,0.309,,,0.199,0.621,0.31,0.586,0.759,0.828,0.581,2614.36,101469.0,0.026,0.0,,,0.165,-12066.49,-2957.479,0.341,0.197
normalized_3fu4A_M464.pdb,,,0.493,0.577,0.338,0.54,,,0.219,0.647,0.276,0.621,0.828,0.862,0.635,-1375.69,104007.0,-0.013,0.0,,,0.238,-12736.0,-3225.294,0.364,0.219
normalized_3fu4A_M465.pdb,,,0.527,0.5,0.567,0.535,,,0.198,0.612,0.241,0.517,0.828,0.862,0.634,-87.909,100466.0,-0.001,0.0,,,0.225,-12027.546,-3161.675,0.353,0.198
normalized_3fu4A_M466.pdb,,,0.467,0.667,0.436,0.386,,,0.215,0.595,0.276,0.517,0.759,0.828,0.629,-1158.5,105539.0,-0.011,0.0,,,0.202,-13001.487,-3310.764,0.354,0.207
normalized_3fu4A_M467.pdb,,,0.62,0.745,0.436,0.621,,,0.235,0.647,0.31,0.586,0.828,0.862,0.657,-2206.19,99836.0,-0.022,0.0,,,0.395,-12268.328,-3090.771,0.372,0.254
normalized_3fu4A_M468.pdb,,,0.496,0.471,0.267,0.577,,,0.166,0.612,0.241,0.552,0.828,0.828,0.638,621.762,103222.0,0.006,0.0,,,0.202,-12264.471,-3190.598,0.365,0.193
normalized_3fu4A_M469.pdb,,,0.581,0.577,0.507,0.621,,,0.25,0.69,0.345,0.69,0.862,0.862,0.644,-3696.2,105611.0,-0.035,0.0,,,0.343,-13043.703,-3182.634,0.393,0.25
normalized_3fu4A_M47.pdb,,,0.604,0.667,0.463,0.642,,,0.472,0.836,0.759,0.862,0.862,0.862,0.743,-6046.88,113117.0,-0.053,0.0,,,0.486,-14824.551,-3945.024,0.464,0.472
normalized_3fu4A_M470.pdb,,,0.603,0.745,0.507,0.582,,,0.212,0.638,0.276,0.621,0.793,0.862,0.659,-2430.16,103265.0,-0.024,0.0,,,0.309,-13103.533,-2963.606,0.398,0.233
normalized_3fu4A_M471.pdb,,,0.456,0.471,0.507,0.445,,,0.2,0.647,0.31,0.621,0.793,0.862,0.604,132.158,101748.0,0.001,0.0,,,0.254,-12309.73,-3069.822,0.358,0.2
normalized_3fu4A_M472.pdb,,,0.468,0.471,0.436,0.488,,,0.184,0.578,0.241,0.517,0.759,0.793,0.599,1856.3,104958.0,0.018,0.0,,,0.177,-11964.694,-3006.087,0.328,0.204
normalized_3fu4A_M473.pdb,,,0.483,0.667,0.378,0.436,,,0.241,0.629,0.276,0.586,0.793,0.862,0.678,-2205.59,108250.0,-0.02,0.0,,,0.241,-13365.005,-3329.417,0.39,0.25
normalized_3fu4A_M474.pdb,,,0.518,0.596,0.567,0.463,,,0.253,0.672,0.379,0.69,0.793,0.828,0.65,-977.276,101688.0,-0.01,0.0,,,0.337,-12965.815,-3234.162,0.374,0.252
normalized_3fu4A_M475.pdb,,,0.509,0.577,0.378,0.54,,,0.199,0.621,0.31,0.586,0.759,0.828,0.624,-575.95,99245.0,-0.006,0.0,,,0.303,-12777.386,-3088.203,0.36,0.214
normalized_3fu4A_M476.pdb,,,0.594,0.577,0.655,0.582,,,0.244,0.672,0.345,0.655,0.828,0.862,0.677,-1889.4,104241.0,-0.018,0.0,,,0.302,-13127.502,-3300.721,0.389,0.244
normalized_3fu4A_M477.pdb,,,0.527,0.745,0.378,0.488,,,0.181,0.586,0.207,0.483,0.793,0.862,0.601,-444.814,99157.0,-0.004,0.0,,,0.296,-12275.655,-3039.686,0.357,0.183
normalized_3fu4A_M478.pdb,,,0.566,0.745,0.378,0.552,,,0.252,0.698,0.345,0.759,0.828,0.862,0.675,-2030.87,109211.0,-0.019,0.0,,,0.41,-13961.418,-3410.583,0.4,0.252
normalized_3fu4A_M479.pdb,,,0.594,0.745,0.535,0.54,,,0.231,0.621,0.31,0.552,0.793,0.828,0.619,-1153.95,109089.0,-0.011,0.0,,,0.294,-13611.811,-3567.128,0.367,0.242
normalized_3fu4A_M48.pdb,,,0.631,0.667,0.463,0.693,,,0.611,0.862,0.862,0.862,0.862,0.862,0.737,-6625.17,112556.0,-0.059,0.0,,,0.457,-14959.493,-3865.33,0.47,0.611
normalized_3fu4A_M480.pdb,,,0.37,0.577,0.429,0.267,,,0.245,0.621,0.31,0.552,0.793,0.828,0.6,653.127,105040.0,0.006,0.0,,,0.25,-12610.706,-2979.89,0.363,0.241
normalized_3fu4A_M481.pdb,,,0.534,0.745,0.436,0.463,,,0.244,0.629,0.379,0.586,0.759,0.793,0.63,-524.282,97556.0,-0.005,0.0,,,0.272,-12885.261,-3114.961,0.373,0.236
normalized_3fu4A_M482.pdb,,,0.452,0.544,0.567,0.356,,,0.193,0.629,0.241,0.621,0.793,0.862,0.617,1587.29,103226.0,0.015,0.0,,,0.272,-12407.96,-3136.475,0.368,0.193
normalized_3fu4A_M483.pdb,,,0.534,0.667,0.378,0.54,,,0.226,0.621,0.31,0.483,0.828,0.862,0.614,597.939,104899.0,0.006,0.0,,,0.296,-12883.263,-3150.64,0.367,0.221
normalized_3fu4A_M484.pdb,,,0.558,0.5,0.567,0.582,,,0.198,0.595,0.207,0.586,0.724,0.862,0.656,-1708.97,99863.0,-0.017,0.0,,,0.266,-12652.014,-3057.427,0.365,0.198
normalized_3fu4A_M485.pdb,,,0.534,0.5,0.567,0.54,,,0.189,0.612,0.276,0.586,0.759,0.828,0.619,-409.443,99546.0,-0.004,0.0,,,0.266,-12158.791,-2982.632,0.356,0.2
normalized_3fu4A_M486.pdb,,,0.439,0.471,0.507,0.412,,,0.189,0.595,0.276,0.517,0.759,0.828,0.654,-1856.22,99708.0,-0.019,0.0,,,0.212,-12572.575,-3120.374,0.357,0.189
normalized_3fu4A_M487.pdb,,,0.446,0.471,0.436,0.445,,,0.21,0.612,0.241,0.552,0.793,0.862,0.618,126.639,104341.0,0.001,0.0,,,0.187,-12475.037,-3032.078,0.353,0.21
normalized_3fu4A_M488.pdb,,,0.552,0.577,0.676,0.495,,,0.217,0.621,0.31,0.517,0.828,0.828,0.589,1083.74,102722.0,0.011,0.0,,,0.301,-12635.347,-3357.903,0.371,0.217
normalized_3fu4A_M489.pdb,,,0.518,0.667,0.338,0.54,,,0.227,0.655,0.345,0.586,0.828,0.862,0.644,-1948.03,105843.0,-0.018,0.0,,,0.275,-13107.27,-3142.277,0.372,0.229
normalized_3fu4A_M49.pdb,,,0.603,0.667,0.567,0.592,,,0.457,0.802,0.621,0.862,0.862,0.862,0.734,-6360.68,112124.0,-0.057,0.0,,,0.387,-14267.512,-3650.598,0.464,0.457
normalized_3fu4A_M490.pdb,,,0.547,0.577,0.436,0.577,,,0.19,0.595,0.207,0.517,0.828,0.828,0.615,1063.04,101447.0,0.01,0.0,,,0.231,-12114.378,-3074.468,0.333,0.164
normalized_3fu4A_M491.pdb,,,0.527,0.667,0.267,0.54,,,0.225,0.655,0.31,0.655,0.793,0.862,0.647,-1559.33,109155.0,-0.014,0.0,,,0.285,-13364.547,-3259.413,0.387,0.225
normalized_3fu4A_M492.pdb,,,0.502,0.577,0.436,0.495,,,0.173,0.603,0.276,0.483,0.793,0.862,0.58,1026.68,100717.0,0.01,0.0,,,0.304,-12604.902,-3035.939,0.36,0.173
normalized_3fu4A_M493.pdb,,,0.41,0.385,0.436,0.412,,,0.245,0.647,0.31,0.621,0.793,0.862,0.597,511.295,110527.0,0.005,0.0,,,0.245,-12892.846,-3194.249,0.36,0.246
normalized_3fu4A_M494.pdb,,,0.509,0.577,0.436,0.509,,,0.187,0.621,0.241,0.517,0.862,0.862,0.664,-1664.89,104874.0,-0.016,0.0,,,0.298,-12670.898,-3220.71,0.374,0.184
normalized_3fu4A_M495.pdb,,,0.416,0.577,0.0,0.445,,,0.188,0.569,0.207,0.483,0.759,0.828,0.596,2099.52,100636.0,0.021,0.0,,,0.22,-11954.718,-3096.178,0.335,0.197
normalized_3fu4A_M496.pdb,,,0.456,0.471,0.378,0.495,,,0.165,0.595,0.207,0.517,0.793,0.862,0.649,-655.976,104272.0,-0.006,0.0,,,0.181,-12293.54,-3056.386,0.359,0.165
normalized_3fu4A_M497.pdb,,,0.493,0.667,0.436,0.436,,,0.233,0.638,0.31,0.621,0.793,0.828,0.629,-42.724,107756.0,-0.0,0.0,,,0.27,-13471.621,-3427.756,0.39,0.232
normalized_3fu4A_M498.pdb,,,0.483,0.667,0.436,0.412,,,0.21,0.638,0.241,0.621,0.828,0.862,0.64,-1410.8,110296.0,-0.013,0.0,,,0.266,-13549.026,-3548.572,0.378,0.211
normalized_3fu4A_M499.pdb,,,0.594,0.667,0.655,0.54,,,0.173,0.603,0.207,0.552,0.793,0.862,0.637,-1189.04,107428.0,-0.011,0.0,,,0.229,-12732.64,-3379.88,0.37,0.173
normalized_3fu4A_M5.pdb,,,0.839,0.745,0.857,0.873,,,0.797,0.862,0.862,0.862,0.862,0.862,0.782,-7720.96,112921.0,-0.068,0.0,,,0.613,-15703.392,-4291.039,0.333,0.797
normalized_3fu4A_M50.pdb,,,0.426,0.577,0.338,0.414,,,0.454,0.819,0.69,0.862,0.862,0.862,0.746,-5568.24,113029.0,-0.049,0.0,,,0.371,-14329.786,-3533.817,0.448,0.454
normalized_3fu4A_M500.pdb,,,0.509,0.667,0.338,0.535,,,0.18,0.629,0.241,0.586,0.828,0.862,0.643,-2582.06,95818.0,-0.027,0.0,,,0.249,-12207.508,-3107.057,0.367,0.18
normalized_3fu4A_M51.pdb,,,0.61,0.667,0.676,0.567,,,0.485,0.819,0.724,0.828,0.862,0.862,0.727,-5565.43,110775.0,-0.05,0.0,,,0.364,-14128.898,-3621.355,0.394,0.485
normalized_3fu4A_M52.pdb,,,0.583,0.577,0.571,0.605,,,0.506,0.828,0.724,0.862,0.862,0.862,0.749,-6447.86,114223.0,-0.056,0.0,,,0.477,-14802.686,-3810.978,0.467,0.506
normalized_3fu4A_M53.pdb,,,0.617,0.596,0.617,0.63,,,0.585,0.853,0.828,0.862,0.862,0.862,0.753,-6415.51,111763.0,-0.057,0.0,,,0.449,-14638.861,-3729.625,0.483,0.585
normalized_3fu4A_M54.pdb,,,0.569,0.577,0.478,0.642,,,0.483,0.819,0.69,0.862,0.862,0.862,0.763,-6455.33,111290.0,-0.058,0.0,,,0.382,-14432.523,-3761.25,0.454,0.483
normalized_3fu4A_M55.pdb,,,0.754,0.745,0.676,0.787,,,0.455,0.802,0.655,0.828,0.862,0.862,0.762,-7337.17,110079.0,-0.067,0.0,,,0.461,-15202.856,-3902.041,0.489,0.455
normalized_3fu4A_M56.pdb,,,0.646,0.667,0.535,0.676,,,0.554,0.853,0.828,0.862,0.862,0.862,0.744,-6515.39,114151.0,-0.057,0.0,,,0.481,-15551.507,-4107.357,0.481,0.554
normalized_3fu4A_M57.pdb,,,0.738,0.745,0.567,0.789,,,0.522,0.819,0.724,0.828,0.862,0.862,0.764,-6538.34,111188.0,-0.059,0.0,,,0.524,-14769.465,-3705.169,0.424,0.522
normalized_3fu4A_M58.pdb,,,0.666,0.745,0.463,0.724,,,0.473,0.81,0.69,0.828,0.862,0.862,0.737,-6683.13,111115.0,-0.06,0.0,,,0.424,-15026.127,-3913.317,0.469,0.473
normalized_3fu4A_M59.pdb,,,0.738,0.745,0.567,0.789,,,0.447,0.81,0.69,0.828,0.862,0.862,0.727,-6073.08,111264.0,-0.055,0.0,,,0.511,-14761.034,-3743.35,0.461,0.447
normalized_3fu4A_M6.pdb,,,0.797,0.68,0.857,0.823,,,0.788,0.862,0.862,0.862,0.862,0.862,0.786,-7888.88,112892.0,-0.07,0.0,,,0.652,-15867.1,-4327.877,0.525,0.788
normalized_3fu4A_M60.pdb,,,0.542,0.577,0.567,0.526,,,0.549,0.819,0.724,0.828,0.862,0.862,0.734,-5843.56,108910.0,-0.054,0.0,,,0.395,-14041.98,-3578.101,0.449,0.549
normalized_3fu4A_M61.pdb,,,0.561,0.667,0.429,0.592,,,0.422,0.784,0.621,0.793,0.862,0.862,0.725,-5856.59,112020.0,-0.052,0.0,,,0.433,-14309.838,-3703.379,0.448,0.422
normalized_3fu4A_M62.pdb,,,0.598,0.577,0.655,0.592,,,0.462,0.81,0.655,0.862,0.862,0.862,0.734,-5857.77,109703.0,-0.053,0.0,,,0.378,-14267.785,-3500.324,0.333,0.462
normalized_3fu4A_M63.pdb,,,0.534,0.471,0.571,0.577,,,0.471,0.793,0.621,0.828,0.862,0.862,0.727,-4656.44,112361.0,-0.041,0.0,,,0.287,-14066.498,-3489.429,0.383,0.471
normalized_3fu4A_M64.pdb,,,0.625,0.667,0.567,0.63,,,0.515,0.836,0.759,0.862,0.862,0.862,0.726,-6315.92,113049.0,-0.056,0.0,,,0.473,-14800.026,-3824.308,0.464,0.515
normalized_3fu4A_M65.pdb,,,0.658,0.667,0.655,0.655,,,0.518,0.836,0.759,0.862,0.862,0.862,0.733,-6247.25,109732.0,-0.057,0.0,,,0.431,-14622.263,-3747.579,0.428,0.518
normalized_3fu4A_M66.pdb,,,0.478,0.577,0.309,0.526,,,0.511,0.845,0.793,0.862,0.862,0.862,0.727,-5672.45,111722.0,-0.051,0.0,,,0.416,-14374.819,-3782.928,0.437,0.511
normalized_3fu4A_M67.pdb,,,0.575,0.577,0.436,0.621,,,0.459,0.802,0.724,0.793,0.828,0.862,0.72,-5756.12,111726.0,-0.052,0.0,,,0.329,-14298.238,-3656.329,0.447,0.459
normalized_3fu4A_M68.pdb,,,0.596,0.577,0.507,0.642,,,0.539,0.836,0.759,0.862,0.862,0.862,0.747,-6006.37,111806.0,-0.054,0.0,,,0.481,-14631.909,-3822.873,0.43,0.539
normalized_3fu4A_M69.pdb,,,0.604,0.667,0.463,0.642,,,0.496,0.81,0.724,0.793,0.862,0.862,0.724,-4834.08,110649.0,-0.044,0.0,,,0.485,-14152.023,-3814.108,0.452,0.496
normalized_3fu4A_M7.pdb,,,0.651,0.577,0.507,0.732,,,0.812,0.862,0.862,0.862,0.862,0.862,0.763,-7660.1,112613.0,-0.068,0.0,,,0.514,-15730.857,-4162.338,0.509,0.812
normalized_3fu4A_M70.pdb,,,0.598,0.577,0.655,0.592,,,0.459,0.802,0.655,0.828,0.862,0.862,0.709,-4260.75,108870.0,-0.039,0.0,,,0.311,-13701.455,-3484.081,0.397,0.459
normalized_3fu4A_M71.pdb,,,0.575,0.577,0.567,0.582,,,0.44,0.81,0.724,0.793,0.862,0.862,0.697,-5896.6,110867.0,-0.053,0.0,,,0.356,-14287.336,-3628.579,0.311,0.44
normalized_3fu4A_M72.pdb,,,0.662,0.667,0.655,0.666,,,0.504,0.802,0.69,0.828,0.828,0.862,0.726,-5833.55,110633.0,-0.053,0.0,,,0.429,-14544.935,-3845.929,0.463,0.504
normalized_3fu4A_M73.pdb,,,0.69,0.745,0.507,0.732,,,0.438,0.81,0.69,0.828,0.862,0.862,0.737,-5835.39,109240.0,-0.053,0.0,,,0.425,-14443.682,-3850.217,0.462,0.438
normalized_3fu4A_M74.pdb,,,0.705,0.745,0.772,0.666,,,0.426,0.793,0.621,0.828,0.862,0.862,0.731,-6201.52,112818.0,-0.055,0.0,,,0.505,-14812.657,-4034.263,0.461,0.426
normalized_3fu4A_M75.pdb,,,0.538,0.471,0.507,0.583,,,0.423,0.802,0.655,0.828,0.862,0.862,0.705,-6051.13,111314.0,-0.054,0.0,,,0.359,-14113.488,-3748.547,0.437,0.423
normalized_3fu4A_M76.pdb,,,0.61,0.667,0.756,0.545,,,0.399,0.793,0.586,0.862,0.862,0.862,0.735,-4980.48,111285.0,-0.045,0.0,,,0.312,-14311.987,-3607.6,0.444,0.399
normalized_3fu4A_M77.pdb,,,0.424,0.577,0.309,0.445,,,0.394,0.776,0.586,0.793,0.862,0.862,0.719,-5287.01,111837.0,-0.047,0.0,,,0.343,-14360.111,-3651.141,0.446,0.394
normalized_3fu4A_M78.pdb,,,0.504,0.577,0.378,0.526,,,0.479,0.836,0.759,0.862,0.862,0.862,0.734,-5271.05,112633.0,-0.047,0.0,,,0.368,-14360.901,-3653.402,0.445,0.479
normalized_3fu4A_M79.pdb,,,0.588,0.577,0.378,0.666,,,0.546,0.853,0.828,0.862,0.862,0.862,0.738,-5175.81,109104.0,-0.047,0.0,,,0.393,-14152.202,-3710.632,0.45,0.546
normalized_3fu4A_M8.pdb,,,0.794,0.68,0.772,0.847,,,0.764,0.853,0.828,0.862,0.862,0.862,0.775,-7753.48,112693.0,-0.069,0.0,,,0.647,-15890.574,-4348.766,0.518,0.764
normalized_3fu4A_M80.pdb,,,0.603,0.667,0.567,0.592,,,0.473,0.836,0.793,0.828,0.862,0.862,0.723,-5415.83,112134.0,-0.048,0.0,,,0.358,-14351.09,-3744.497,0.447,0.473
normalized_3fu4A_M81.pdb,,,0.534,0.577,0.535,0.526,,,0.421,0.793,0.621,0.828,0.862,0.862,0.708,-5551.27,108790.0,-0.051,0.0,,,0.245,-13410.351,-3235.068,0.432,0.421
normalized_3fu4A_M82.pdb,,,0.518,0.577,0.309,0.617,,,0.489,0.828,0.759,0.828,0.862,0.862,0.723,-4704.02,108326.0,-0.043,0.0,,,0.297,-13505.467,-3405.157,0.438,0.489
normalized_3fu4A_M83.pdb,,,0.534,0.471,0.378,0.621,,,0.421,0.793,0.621,0.828,0.862,0.862,0.687,-5135.65,111673.0,-0.046,0.0,,,0.303,-14346.817,-3688.043,0.403,0.421
normalized_3fu4A_M84.pdb,,,0.646,0.667,0.567,0.666,,,0.45,0.819,0.724,0.828,0.862,0.862,0.75,-5731.73,111249.0,-0.052,0.0,,,0.382,-14425.653,-3654.086,0.427,0.45
normalized_3fu4A_M85.pdb,,,0.671,0.745,0.676,0.642,,,0.505,0.828,0.724,0.862,0.862,0.862,0.746,-6294.21,111106.0,-0.057,0.0,,,0.468,-15060.843,-3983.149,0.459,0.505
normalized_3fu4A_M86.pdb,,,0.701,0.745,0.772,0.658,,,0.533,0.828,0.724,0.862,0.862,0.862,0.755,-5754.65,111794.0,-0.051,0.0,,,0.442,-14726.77,-3899.716,0.404,0.533
normalized_3fu4A_M87.pdb,,,0.701,0.745,0.756,0.666,,,0.41,0.767,0.655,0.724,0.828,0.862,0.717,-4867.49,110027.0,-0.044,0.0,,,0.4,-14610.758,-3725.398,0.437,0.41
normalized_3fu4A_M88.pdb,,,0.542,0.471,0.567,0.567,,,0.345,0.75,0.483,0.793,0.862,0.862,0.72,-5058.58,110299.0,-0.046,0.0,,,0.328,-13999.706,-3446.687,0.42,0.345
normalized_3fu4A_M89.pdb,,,0.588,0.667,0.567,0.567,,,0.402,0.776,0.621,0.793,0.828,0.862,0.721,-5396.97,114955.0,-0.047,0.0,,,0.438,-14215.377,-3752.967,0.416,0.402
normalized_3fu4A_M9.pdb,,,0.763,0.68,0.676,0.823,,,0.792,0.862,0.862,0.862,0.862,0.862,0.778,-7766.71,113313.0,-0.069,0.0,,,0.597,-15990.748,-4266.043,0.521,0.792
normalized_3fu4A_M90.pdb,,,0.581,0.667,0.567,0.552,,,0.5,0.81,0.69,0.828,0.862,0.862,0.721,-4785.14,111497.0,-0.043,0.0,,,0.345,-14158.019,-3712.578,0.426,0.501
normalized_3fu4A_M91.pdb,,,0.646,0.667,0.507,0.693,,,0.411,0.767,0.517,0.828,0.862,0.862,0.732,-5391.37,107736.0,-0.05,0.0,,,0.423,-14310.515,-3621.802,0.439,0.411
normalized_3fu4A_M92.pdb,,,0.686,0.745,0.567,0.7,,,0.418,0.784,0.655,0.793,0.828,0.862,0.71,-5066.99,109069.0,-0.046,0.0,,,0.463,-14443.564,-3679.314,0.437,0.418
normalized_3fu4A_M93.pdb,,,0.679,0.745,0.676,0.655,,,0.504,0.836,0.759,0.862,0.862,0.862,0.738,-5911.86,113886.0,-0.052,0.0,,,0.413,-14816.49,-3885.732,0.46,0.504
normalized_3fu4A_M94.pdb,,,0.686,0.745,0.567,0.7,,,0.404,0.776,0.552,0.828,0.862,0.862,0.732,-6996.67,111053.0,-0.063,0.0,,,0.51,-14841.377,-3923.749,0.455,0.404
normalized_3fu4A_M95.pdb,,,0.446,0.577,0.655,0.293,,,0.407,0.767,0.552,0.793,0.862,0.862,0.701,-4468.56,110584.0,-0.04,0.0,,,0.25,-13890.193,-3494.484,0.427,0.408
normalized_3fu4A_M96.pdb,,,0.465,0.471,0.507,0.461,,,0.384,0.784,0.586,0.828,0.862,0.862,0.692,-4192.63,111057.0,-0.038,0.0,,,0.303,-13643.646,-3583.412,0.417,0.384
normalized_3fu4A_M97.pdb,,,0.467,0.5,0.267,0.509,,,0.323,0.733,0.448,0.793,0.828,0.862,0.695,-3824.47,110372.0,-0.035,0.0,,,0.264,-13790.66,-3446.523,0.416,0.323
normalized_3fu4A_M98.pdb,,,0.574,0.667,0.429,0.621,,,0.358,0.759,0.517,0.793,0.862,0.862,0.698,-4916.21,108647.0,-0.045,0.0,,,0.393,-13844.128,-3490.054,0.419,0.358
normalized_3fu4A_M99.pdb,,,0.542,0.667,0.567,0.483,,,0.391,0.793,0.621,0.828,0.862,0.862,0.734,-5678.08,110055.0,-0.052,0.0,,,0.332,-14300.889,-3596.212,0.427,0.391
